Load (%),Excess Air (%),Fuel Qty (kg/hr),Air Flow Rate (kg/hr),O2 in Flue Gas (%),Combustion Efficiency (%)
60.0,30.0,2000.0,9484.54,4.846153846153847,95.17869318104269
60.0,31.0,2000.0,9557.498000000001,4.969465648854962,95.24319557921613
60.0,32.0,2000.0,9630.456,5.090909090909091,94.98988028313353
60.0,33.0,2000.0,9703.414,5.2105263157894735,94.9030037111361
60.0,34.0,2000.0,9776.372,5.328358208955224,94.81062634036942
60.0,35.0,2000.0,9849.33,5.444444444444444,94.68037612621292
60.0,36.0,2000.0,9922.287999999999,5.5588235294117645,94.6921446895315
60.0,37.0,2000.0,9995.246,5.671532846715328,94.31114631311326
60.0,38.0,2000.0,10068.204,5.782608695652174,94.52665977859868
60.0,39.0,2000.0,10141.162000000002,5.892086330935252,94.23692850807689
60.0,40.0,2000.0,10214.119999999999,6.0,94.12993373372622
60.0,41.0,2000.0,10287.078,6.106382978723404,94.15794712694962
60.0,42.0,2000.0,10360.035999999998,6.211267605633803,94.19556746185546
60.0,43.0,2000.0,10432.993999999999,6.314685314685314,94.05832969178739
60.0,44.0,2000.0,10505.952,6.416666666666667,93.81926500469847
60.0,45.0,2000.0,10578.909999999998,6.517241379310345,93.47380806819521
60.0,46.0,2000.0,10651.868,6.616438356164383,93.49232489453458
60.0,47.0,2000.0,10724.826000000001,6.714285714285714,93.89549705235427
60.0,48.0,2000.0,10797.784,6.810810810810811,93.53284296386964
60.0,49.0,2000.0,10870.742,6.906040268456376,93.43857788215968
60.0,50.0,2000.0,10943.699999999999,7.0,93.49056326239037
60.0,51.0,2000.0,11016.658,7.0927152317880795,93.3242455371517
60.0,52.0,2000.0,11089.616,7.184210526315789,93.15302050465822
60.0,53.0,2000.0,11162.573999999999,7.2745098039215685,93.14213683582884
60.0,54.0,2000.0,11235.532,7.363636363636363,93.06594158655399
60.0,55.0,2000.0,11308.490000000002,7.451612903225807,93.17627302640291
60.0,56.0,2000.0,11381.448,7.538461538461538,93.09267122666014
60.0,57.0,2000.0,11454.405999999999,7.62420382165605,92.91126911465582
60.0,58.0,2000.0,11527.364,7.708860759493671,92.69543119180511
60.0,59.0,2000.0,11600.321999999998,7.792452830188679,92.89173082154866
60.0,60.0,2000.0,11673.28,7.875,92.47814454908439
60.0,61.0,2000.0,11746.237999999998,7.956521739130435,93.01219235636546
60.0,62.0,2000.0,11819.196,8.037037037037036,92.46992239430452
60.0,63.0,2000.0,11892.154,8.116564417177914,92.75210461026414
60.0,64.0,2000.0,11965.112000000001,8.195121951219512,92.47055296944167
60.0,65.0,2000.0,12038.07,8.272727272727272,92.26545657850862
60.0,66.0,2000.0,12111.028,8.349397590361447,92.38035446393108
60.0,67.0,2000.0,12183.985999999999,8.425149700598803,92.2538836457517
60.0,68.0,2000.0,12256.944000000001,8.5,92.36964831182588
60.0,69.0,2000.0,12329.901999999998,8.57396449704142,91.91790279598729
60.0,70.0,2000.0,12402.859999999999,8.647058823529411,92.16256012097566
60.0,71.0,2000.0,12475.818000000001,8.719298245614034,92.07354385522991
60.0,72.0,2000.0,12548.776,8.790697674418604,91.56390862482029
60.0,73.0,2000.0,12621.734,8.861271676300579,91.99827801808337
60.0,74.0,2000.0,12694.692,8.931034482758621,91.85392575890727
60.0,75.0,2000.0,12767.65,9.0,91.81763614917439
60.0,76.0,2000.0,12840.608,9.068181818181818,91.72232338318649
60.0,77.0,2000.0,12913.565999999999,9.135593220338983,91.6369474520545
60.0,78.0,2000.0,12986.524,9.202247191011237,91.59983240944776
60.0,79.0,2000.0,13059.482,9.268156424581004,91.44268685504382
60.0,80.0,2000.0,13132.44,9.333333333333332,91.36929489333146
61.0,30.0,2030.0,9626.8081,4.846153846153847,95.38343788156584
61.0,31.0,2030.0,9700.860470000001,4.969465648854962,94.88866585590509
61.0,32.0,2030.0,9774.91284,5.090909090909091,94.74746217993238
61.0,33.0,2030.0,9848.96521,5.2105263157894735,94.85742395547909
61.0,34.0,2030.0,9923.01758,5.328358208955224,94.52360476242333
61.0,35.0,2030.0,9997.069950000001,5.444444444444444,94.56909659101596
61.0,36.0,2030.0,10071.122319999999,5.5588235294117645,94.57362615169828
61.0,37.0,2030.0,10145.17469,5.671532846715328,94.3540940964548
61.0,38.0,2030.0,10219.22706,5.782608695652174,94.33822727498301
61.0,39.0,2030.0,10293.27943,5.892086330935252,94.18453595454373
61.0,40.0,2030.0,10367.3318,6.0,94.29292665215888
61.0,41.0,2030.0,10441.38417,6.106382978723404,94.23294211712758
61.0,42.0,2030.0,10515.436539999999,6.211267605633803,94.04823532255202
61.0,43.0,2030.0,10589.488909999998,6.314685314685314,94.01773124039383
61.0,44.0,2030.0,10663.54128,6.416666666666667,93.67445928846332
61.0,45.0,2030.0,10737.593649999999,6.517241379310345,93.74766588699114
61.0,46.0,2030.0,10811.64602,6.616438356164383,93.59208756906226
61.0,47.0,2030.0,10885.69839,6.714285714285714,93.79546955825964
61.0,48.0,2030.0,10959.75076,6.810810810810811,93.68477682724864
61.0,49.0,2030.0,11033.80313,6.906040268456376,93.62617044260057
61.0,50.0,2030.0,11107.8555,7.0,93.28614615201651
61.0,51.0,2030.0,11181.90787,7.0927152317880795,93.23775675392795
61.0,52.0,2030.0,11255.96024,7.184210526315789,93.02601546897108
61.0,53.0,2030.0,11330.01261,7.2745098039215685,93.41063105033261
61.0,54.0,2030.0,11404.06498,7.363636363636363,93.1214727851168
61.0,55.0,2030.0,11478.11735,7.451612903225807,92.75274147274911
61.0,56.0,2030.0,11552.16972,7.538461538461538,93.22938266340512
61.0,57.0,2030.0,11626.22209,7.62420382165605,93.02347768882771
61.0,58.0,2030.0,11700.27446,7.708860759493671,92.9171358399863
61.0,59.0,2030.0,11774.326829999998,7.792452830188679,92.78727116365525
61.0,60.0,2030.0,11848.3792,7.875,92.74189710144725
61.0,61.0,2030.0,11922.431569999999,7.956521739130435,92.74350744556108
61.0,62.0,2030.0,11996.48394,8.037037037037036,92.67399013063078
61.0,63.0,2030.0,12070.53631,8.116564417177914,92.45391895496206
61.0,64.0,2030.0,12144.58868,8.195121951219512,92.62850722625187
61.0,65.0,2030.0,12218.64105,8.272727272727272,92.04606770094695
61.0,66.0,2030.0,12292.693420000001,8.349397590361447,92.51260563965727
61.0,67.0,2030.0,12366.745789999999,8.425149700598803,92.13711791553925
61.0,68.0,2030.0,12440.79816,8.5,92.198249830311
61.0,69.0,2030.0,12514.850529999998,8.57396449704142,92.42585262460113
61.0,70.0,2030.0,12588.9029,8.647058823529411,92.14428301904532
61.0,71.0,2030.0,12662.95527,8.719298245614034,92.17379323589651
61.0,72.0,2030.0,12737.00764,8.790697674418604,91.93487435979377
61.0,73.0,2030.0,12811.06001,8.861271676300579,91.6414843428807
61.0,74.0,2030.0,12885.11238,8.931034482758621,91.94882817626413
61.0,75.0,2030.0,12959.16475,9.0,91.66441470305848
61.0,76.0,2030.0,13033.21712,9.068181818181818,91.73889854336109
61.0,77.0,2030.0,13107.269489999999,9.135593220338983,91.66203308483308
61.0,78.0,2030.0,13181.32186,9.202247191011237,91.69082124466723
61.0,79.0,2030.0,13255.37423,9.268156424581004,91.42192486410134
61.0,80.0,2030.0,13329.4266,9.333333333333332,91.32612029083525
62.0,30.0,2060.0,9769.076200000001,4.846153846153847,95.33378099954713
62.0,31.0,2060.0,9844.222940000001,4.969465648854962,95.08511217428958
62.0,32.0,2060.0,9919.36968,5.090909090909091,94.87566989648906
62.0,33.0,2060.0,9994.51642,5.2105263157894735,94.92250389423056
62.0,34.0,2060.0,10069.66316,5.328358208955224,94.56818572906674
62.0,35.0,2060.0,10144.8099,5.444444444444444,94.4937602060833
62.0,36.0,2060.0,10219.956639999999,5.5588235294117645,94.41632275494939
62.0,37.0,2060.0,10295.10338,5.671532846715328,94.40231545750696
62.0,38.0,2060.0,10370.25012,5.782608695652174,94.23080848208329
62.0,39.0,2060.0,10445.39686,5.892086330935252,94.43031098248454
62.0,40.0,2060.0,10520.543599999999,6.0,94.24442697571324
62.0,41.0,2060.0,10595.69034,6.106382978723404,94.28362091284211
62.0,42.0,2060.0,10670.83708,6.211267605633803,94.30609103225831
62.0,43.0,2060.0,10745.98382,6.314685314685314,93.91694391064604
62.0,44.0,2060.0,10821.13056,6.416666666666667,93.68769619683395
62.0,45.0,2060.0,10896.277299999998,6.517241379310345,93.76277188796047
62.0,46.0,2060.0,10971.42404,6.616438356164383,93.8209081579328
62.0,47.0,2060.0,11046.57078,6.714285714285714,93.82154402053038
62.0,48.0,2060.0,11121.71752,6.810810810810811,93.44089970303939
62.0,49.0,2060.0,11196.86426,6.906040268456376,93.4886880312694
62.0,50.0,2060.0,11272.011,7.0,93.20772481700646
62.0,51.0,2060.0,11347.157739999999,7.0927152317880795,93.26585126261648
62.0,52.0,2060.0,11422.304479999999,7.184210526315789,93.24927163697677
62.0,53.0,2060.0,11497.451219999999,7.2745098039215685,93.23450732303421
62.0,54.0,2060.0,11572.59796,7.363636363636363,93.1011478704709
62.0,55.0,2060.0,11647.744700000001,7.451612903225807,93.32518327067959
62.0,56.0,2060.0,11722.891440000001,7.538461538461538,92.70207568131913
62.0,57.0,2060.0,11798.03818,7.62420382165605,93.13812140711774
62.0,58.0,2060.0,11873.18492,7.708860759493671,92.89173054076703
62.0,59.0,2060.0,11948.331659999998,7.792452830188679,92.7216121197111
62.0,60.0,2060.0,12023.4784,7.875,92.70284462297757
62.0,61.0,2060.0,12098.625139999998,7.956521739130435,92.58464312797722
62.0,62.0,2060.0,12173.77188,8.037037037037036,92.25085007572332
62.0,63.0,2060.0,12248.91862,8.116564417177914,92.4107999939379
62.0,64.0,2060.0,12324.06536,8.195121951219512,92.49653171259186
62.0,65.0,2060.0,12399.212099999999,8.272727272727272,92.23256461847575
62.0,66.0,2060.0,12474.35884,8.349397590361447,92.59044501026253
62.0,67.0,2060.0,12549.50558,8.425149700598803,92.62720696853738
62.0,68.0,2060.0,12624.652320000001,8.5,92.02962240187188
62.0,69.0,2060.0,12699.79906,8.57396449704142,92.01595399892508
62.0,70.0,2060.0,12774.9458,8.647058823529411,92.06192555798447
62.0,71.0,2060.0,12850.09254,8.719298245614034,91.8891222143182
62.0,72.0,2060.0,12925.23928,8.790697674418604,91.98211317602974
62.0,73.0,2060.0,13000.38602,8.861271676300579,91.84486477681561
62.0,74.0,2060.0,13075.53276,8.931034482758621,91.89466324186905
62.0,75.0,2060.0,13150.6795,9.0,91.86699666080416
62.0,76.0,2060.0,13225.82624,9.068181818181818,91.84494605098764
62.0,77.0,2060.0,13300.972979999999,9.135593220338983,91.47098603988434
62.0,78.0,2060.0,13376.119719999999,9.202247191011237,91.72462959817943
62.0,79.0,2060.0,13451.266459999999,9.268156424581004,91.59309433751397
62.0,80.0,2060.0,13526.4132,9.333333333333332,91.69673080734273
63.0,30.0,2090.0,9911.3443,4.846153846153847,94.71185476299263
63.0,31.0,2090.0,9987.585410000002,4.969465648854962,95.0352849258874
63.0,32.0,2090.0,10063.82652,5.090909090909091,95.22693225832869
63.0,33.0,2090.0,10140.06763,5.2105263157894735,95.00325038854102
63.0,34.0,2090.0,10216.30874,5.328358208955224,94.76704113746025
63.0,35.0,2090.0,10292.54985,5.444444444444444,94.64784984286999
63.0,36.0,2090.0,10368.790959999998,5.5588235294117645,94.61766825001847
63.0,37.0,2090.0,10445.03207,5.671532846715328,94.28723228494634
63.0,38.0,2090.0,10521.27318,5.782608695652174,94.58879256302498
63.0,39.0,2090.0,10597.514290000001,5.892086330935252,94.4102269070419
63.0,40.0,2090.0,10673.7554,6.0,94.13839167894258
63.0,41.0,2090.0,10749.996509999999,6.106382978723404,94.11277367805172
63.0,42.0,2090.0,10826.23762,6.211267605633803,93.95885680823672
63.0,43.0,2090.0,10902.478729999999,6.314685314685314,93.9391563274311
63.0,44.0,2090.0,10978.719839999998,6.416666666666667,93.93789179213296
63.0,45.0,2090.0,11054.960949999999,6.517241379310345,93.86378638711939
63.0,46.0,2090.0,11131.20206,6.616438356164383,93.77434989737881
63.0,47.0,2090.0,11207.44317,6.714285714285714,93.68838798135823
63.0,48.0,2090.0,11283.68428,6.810810810810811,93.6498653139561
63.0,49.0,2090.0,11359.92539,6.906040268456376,93.46162486487212
63.0,50.0,2090.0,11436.1665,7.0,93.48591194732478
63.0,51.0,2090.0,11512.40761,7.0927152317880795,93.5760040679523
63.0,52.0,2090.0,11588.64872,7.184210526315789,93.03293844279634
63.0,53.0,2090.0,11664.88983,7.2745098039215685,93.02813810886978
63.0,54.0,2090.0,11741.13094,7.363636363636363,93.0021798883816
63.0,55.0,2090.0,11817.372050000002,7.451612903225807,93.06387853055001
63.0,56.0,2090.0,11893.61316,7.538461538461538,93.02699587304083
63.0,57.0,2090.0,11969.854269999998,7.62420382165605,92.99940009329312
63.0,58.0,2090.0,12046.09538,7.708860759493671,92.85813947521679
63.0,59.0,2090.0,12122.336489999998,7.792452830188679,92.82673922685579
63.0,60.0,2090.0,12198.5776,7.875,92.71027000652465
63.0,61.0,2090.0,12274.818709999998,7.956521739130435,92.71188993310233
63.0,62.0,2090.0,12351.05982,8.037037037037036,92.61486232515972
63.0,63.0,2090.0,12427.30093,8.116564417177914,92.35610789959463
63.0,64.0,2090.0,12503.542040000002,8.195121951219512,92.24636869445976
63.0,65.0,2090.0,12579.78315,8.272727272727272,92.52655166825082
63.0,66.0,2090.0,12656.024260000002,8.349397590361447,92.2235748357959
63.0,67.0,2090.0,12732.26537,8.425149700598803,92.04617612874438
63.0,68.0,2090.0,12808.50648,8.5,92.11860682978991
63.0,69.0,2090.0,12884.747589999999,8.57396449704142,92.2670035912391
63.0,70.0,2090.0,12960.988699999998,8.647058823529411,92.07219586849776
63.0,71.0,2090.0,13037.22981,8.719298245614034,91.90690341595437
63.0,72.0,2090.0,13113.47092,8.790697674418604,91.75783598094755
63.0,73.0,2090.0,13189.71203,8.861271676300579,91.93651044903973
63.0,74.0,2090.0,13265.95314,8.931034482758621,92.12432934736263
63.0,75.0,2090.0,13342.19425,9.0,91.86827595814835
63.0,76.0,2090.0,13418.43536,9.068181818181818,91.9112598018557
63.0,77.0,2090.0,13494.676469999999,9.135593220338983,91.81871701128031
63.0,78.0,2090.0,13570.91758,9.202247191011237,91.94880125676914
63.0,79.0,2090.0,13647.158689999998,9.268156424581004,91.52440462853501
63.0,80.0,2090.0,13723.399800000001,9.333333333333332,91.61288284743762
64.0,30.0,2120.0,10053.612400000002,4.846153846153847,95.38292997438091
64.0,31.0,2120.0,10130.947880000002,4.969465648854962,94.91578798555146
64.0,32.0,2120.0,10208.283360000001,5.090909090909091,94.99756693309007
64.0,33.0,2120.0,10285.618840000001,5.2105263157894735,95.04092995085914
64.0,34.0,2120.0,10362.95432,5.328358208955224,94.65142573870834
64.0,35.0,2120.0,10440.2898,5.444444444444444,94.78575217974131
64.0,36.0,2120.0,10517.625279999998,5.5588235294117645,94.95492362434116
64.0,37.0,2120.0,10594.96076,5.671532846715328,94.36373961561831
64.0,38.0,2120.0,10672.29624,5.782608695652174,94.6497508536796
64.0,39.0,2120.0,10749.631720000001,5.892086330935252,94.24570122288189
64.0,40.0,2120.0,10826.9672,6.0,93.99274917733618
64.0,41.0,2120.0,10904.302679999999,6.106382978723404,93.95560783942904
64.0,42.0,2120.0,10981.638159999999,6.211267605633803,93.83097565077372
64.0,43.0,2120.0,11058.973639999998,6.314685314685314,93.89205805314087
64.0,44.0,2120.0,11136.309119999998,6.416666666666667,94.06039746657841
64.0,45.0,2120.0,11213.644599999998,6.517241379310345,93.64926876108846
64.0,46.0,2120.0,11290.980080000001,6.616438356164383,93.84082749712825
64.0,47.0,2120.0,11368.315560000001,6.714285714285714,93.54111425028329
64.0,48.0,2120.0,11445.65104,6.810810810810811,93.78356490565167
64.0,49.0,2120.0,11522.98652,6.906040268456376,93.45695815926203
64.0,50.0,2120.0,11600.322,7.0,93.31229646927197
64.0,51.0,2120.0,11677.65748,7.0927152317880795,93.336152930881
64.0,52.0,2120.0,11754.99296,7.184210526315789,93.47895039683354
64.0,53.0,2120.0,11832.32844,7.2745098039215685,93.42764071517001
64.0,54.0,2120.0,11909.663919999999,7.363636363636363,93.32047766263388
64.0,55.0,2120.0,11986.9994,7.451612903225807,93.07300571898503
64.0,56.0,2120.0,12064.33488,7.538461538461538,92.75539370792903
64.0,57.0,2120.0,12141.670359999998,7.62420382165605,92.9724651502626
64.0,58.0,2120.0,12219.00584,7.708860759493671,92.92448002370483
64.0,59.0,2120.0,12296.341319999998,7.792452830188679,92.69955847173694
64.0,60.0,2120.0,12373.6768,7.875,92.92468547630519
64.0,61.0,2120.0,12451.012279999997,7.956521739130435,92.7386313688813
64.0,62.0,2120.0,12528.34776,8.037037037037036,92.58693034435684
64.0,63.0,2120.0,12605.68324,8.116564417177914,92.78446813203256
64.0,64.0,2120.0,12683.018720000002,8.195121951219512,92.39448734018534
64.0,65.0,2120.0,12760.3542,8.272727272727272,92.30203784944815
64.0,66.0,2120.0,12837.689680000001,8.349397590361447,92.38598033320393
64.0,67.0,2120.0,12915.02516,8.425149700598803,92.47654437848024
64.0,68.0,2120.0,12992.36064,8.5,92.26762635880394
64.0,69.0,2120.0,13069.696119999999,8.57396449704142,91.94227771043649
64.0,70.0,2120.0,13147.031599999998,8.647058823529411,92.0743883786763
64.0,71.0,2120.0,13224.36708,8.719298245614034,91.93532895784472
64.0,72.0,2120.0,13301.70256,8.790697674418604,92.40652530032462
64.0,73.0,2120.0,13379.03804,8.861271676300579,91.84084140454813
64.0,74.0,2120.0,13456.37352,8.931034482758621,91.89577642797263
64.0,75.0,2120.0,13533.708999999999,9.0,91.67218209113946
64.0,76.0,2120.0,13611.044479999999,9.068181818181818,91.64393458681056
64.0,77.0,2120.0,13688.37996,9.135593220338983,91.69993148660132
64.0,78.0,2120.0,13765.71544,9.202247191011237,91.5363351563375
64.0,79.0,2120.0,13843.05092,9.268156424581004,91.55033758767438
64.0,80.0,2120.0,13920.386400000001,9.333333333333332,91.46639933791167
65.0,30.0,2150.0,10195.880500000001,4.846153846153847,95.18081957114362
65.0,31.0,2150.0,10274.310350000002,4.969465648854962,95.02603591602428
65.0,32.0,2150.0,10352.7402,5.090909090909091,94.91727423049318
65.0,33.0,2150.0,10431.17005,5.2105263157894735,95.02843424280442
65.0,34.0,2150.0,10509.599900000001,5.328358208955224,94.55982061712227
65.0,35.0,2150.0,10588.02975,5.444444444444444,94.77887085113558
65.0,36.0,2150.0,10666.459599999998,5.5588235294117645,94.38034661442227
65.0,37.0,2150.0,10744.88945,5.671532846715328,94.58498544827223
65.0,38.0,2150.0,10823.3193,5.782608695652174,94.21730832141688
65.0,39.0,2150.0,10901.749150000001,5.892086330935252,94.25188474749835
65.0,40.0,2150.0,10980.179,6.0,94.41137344772804
65.0,41.0,2150.0,11058.608849999999,6.106382978723404,94.00329277050469
65.0,42.0,2150.0,11137.0387,6.211267605633803,93.85291832886205
65.0,43.0,2150.0,11215.46855,6.314685314685314,93.95534838352567
65.0,44.0,2150.0,11293.898399999998,6.416666666666667,93.97289917586305
65.0,45.0,2150.0,11372.328249999999,6.517241379310345,94.12637331534842
65.0,46.0,2150.0,11450.758100000001,6.616438356164383,93.6478544965404
65.0,47.0,2150.0,11529.18795,6.714285714285714,93.5829275838696
65.0,48.0,2150.0,11607.6178,6.810810810810811,93.419199146199
65.0,49.0,2150.0,11686.04765,6.906040268456376,93.35248761744633
65.0,50.0,2150.0,11764.477499999999,7.0,93.54232216208355
65.0,51.0,2150.0,11842.90735,7.0927152317880795,93.33912853211969
65.0,52.0,2150.0,11921.3372,7.184210526315789,93.35496767636448
65.0,53.0,2150.0,11999.767049999999,7.2745098039215685,93.18917435803097
65.0,54.0,2150.0,12078.196899999999,7.363636363636363,92.8174162964551
65.0,55.0,2150.0,12156.626750000001,7.451612903225807,92.9809820242223
65.0,56.0,2150.0,12235.0566,7.538461538461538,93.05275299356806
65.0,57.0,2150.0,12313.486449999999,7.62420382165605,92.8601389571366
65.0,58.0,2150.0,12391.9163,7.708860759493671,92.82468799906873
65.0,59.0,2150.0,12470.346149999998,7.792452830188679,92.70778624185402
65.0,60.0,2150.0,12548.776,7.875,92.49028012580881
65.0,61.0,2150.0,12627.205849999998,7.956521739130435,92.70459922650477
65.0,62.0,2150.0,12705.635699999999,8.037037037037036,92.36403607679227
65.0,63.0,2150.0,12784.06555,8.116564417177914,92.56511607374136
65.0,64.0,2150.0,12862.495400000002,8.195121951219512,92.46025280807876
65.0,65.0,2150.0,12940.92525,8.272727272727272,92.57286968298787
65.0,66.0,2150.0,13019.3551,8.349397590361447,92.22512423409712
65.0,67.0,2150.0,13097.78495,8.425149700598803,91.96418367094873
65.0,68.0,2150.0,13176.214800000002,8.5,92.07039560380099
65.0,69.0,2150.0,13254.644649999998,8.57396449704142,91.998691227424
65.0,70.0,2150.0,13333.074499999999,8.647058823529411,92.1768584955469
65.0,71.0,2150.0,13411.504350000001,8.719298245614034,92.18725934654017
65.0,72.0,2150.0,13489.9342,8.790697674418604,91.86361503870239
65.0,73.0,2150.0,13568.36405,8.861271676300579,91.98615310144552
65.0,74.0,2150.0,13646.7939,8.931034482758621,91.77542604701027
65.0,75.0,2150.0,13725.22375,9.0,91.52264822009478
65.0,76.0,2150.0,13803.6536,9.068181818181818,91.74744727919614
65.0,77.0,2150.0,13882.08345,9.135593220338983,91.83205816065112
65.0,78.0,2150.0,13960.513299999999,9.202247191011237,91.52607244896868
65.0,79.0,2150.0,14038.94315,9.268156424581004,91.59718255534611
65.0,80.0,2150.0,14117.373000000001,9.333333333333332,91.35228051033106
66.0,30.0,2180.0,10338.1486,4.846153846153847,95.03461703213718
66.0,31.0,2180.0,10417.672820000002,4.969465648854962,95.10134254667008
66.0,32.0,2180.0,10497.197040000001,5.090909090909091,94.95292254226426
66.0,33.0,2180.0,10576.72126,5.2105263157894735,94.48545434019711
66.0,34.0,2180.0,10656.24548,5.328358208955224,94.75863545684943
66.0,35.0,2180.0,10735.7697,5.444444444444444,94.6777521624495
66.0,36.0,2180.0,10815.293919999998,5.5588235294117645,94.44139061514453
66.0,37.0,2180.0,10894.81814,5.671532846715328,94.59958969058795
66.0,38.0,2180.0,10974.34236,5.782608695652174,94.14957573721978
66.0,39.0,2180.0,11053.866580000002,5.892086330935252,94.22849182548863
66.0,40.0,2180.0,11133.3908,6.0,94.10795090770776
66.0,41.0,2180.0,11212.915019999999,6.106382978723404,94.01142606092209
66.0,42.0,2180.0,11292.43924,6.211267605633803,93.8840812939962
66.0,43.0,2180.0,11371.963459999999,6.314685314685314,94.14106604019047
66.0,44.0,2180.0,11451.487679999998,6.416666666666667,93.98966628271894
66.0,45.0,2180.0,11531.011899999998,6.517241379310345,93.96207533637377
66.0,46.0,2180.0,11610.53612,6.616438356164383,93.91079359079474
66.0,47.0,2180.0,11690.06034,6.714285714285714,93.44168974401391
66.0,48.0,2180.0,11769.58456,6.810810810810811,93.75560020043157
66.0,49.0,2180.0,11849.10878,6.906040268456376,93.32730129869984
66.0,50.0,2180.0,11928.633,7.0,93.21870526874645
66.0,51.0,2180.0,12008.15722,7.0927152317880795,93.16966985086542
66.0,52.0,2180.0,12087.68144,7.184210526315789,93.21782871392283
66.0,53.0,2180.0,12167.20566,7.2745098039215685,93.00910498500913
66.0,54.0,2180.0,12246.729879999999,7.363636363636363,93.12160022108337
66.0,55.0,2180.0,12326.2541,7.451612903225807,93.05468075501727
66.0,56.0,2180.0,12405.778320000001,7.538461538461538,93.21223867602153
66.0,57.0,2180.0,12485.302539999999,7.62420382165605,92.70066356408688
66.0,58.0,2180.0,12564.82676,7.708860759493671,92.69289639234287
66.0,59.0,2180.0,12644.350979999997,7.792452830188679,92.76299632494135
66.0,60.0,2180.0,12723.8752,7.875,92.78487664014564
66.0,61.0,2180.0,12803.399419999998,7.956521739130435,92.45646628655601
66.0,62.0,2180.0,12882.923639999999,8.037037037037036,92.48685637708647
66.0,63.0,2180.0,12962.44786,8.116564417177914,92.75996922277291
66.0,64.0,2180.0,13041.972080000001,8.195121951219512,92.43982753588193
66.0,65.0,2180.0,13121.496299999999,8.272727272727272,92.35104359438489
66.0,66.0,2180.0,13201.020520000002,8.349397590361447,92.32024341240619
66.0,67.0,2180.0,13280.54474,8.425149700598803,92.14316733139061
66.0,68.0,2180.0,13360.06896,8.5,92.13479307889504
66.0,69.0,2180.0,13439.593179999998,8.57396449704142,92.29446855401486
66.0,70.0,2180.0,13519.1174,8.647058823529411,92.32489155407455
66.0,71.0,2180.0,13598.64162,8.719298245614034,91.87263092163333
66.0,72.0,2180.0,13678.16584,8.790697674418604,92.03395302079925
66.0,73.0,2180.0,13757.69006,8.861271676300579,91.87010984518018
66.0,74.0,2180.0,13837.21428,8.931034482758621,91.94506944176307
66.0,75.0,2180.0,13916.7385,9.0,91.94790578727856
66.0,76.0,2180.0,13996.262719999999,9.068181818181818,91.69976368221826
66.0,77.0,2180.0,14075.78694,9.135593220338983,91.64484038039343
66.0,78.0,2180.0,14155.31116,9.202247191011237,91.7694081302345
66.0,79.0,2180.0,14234.835379999999,9.268156424581004,91.64657775818117
66.0,80.0,2180.0,14314.359600000002,9.333333333333332,91.6383228080181
67.0,30.0,2210.0,10480.416700000002,4.846153846153847,95.347996909508
67.0,31.0,2210.0,10561.035290000002,4.969465648854962,95.30924629924088
67.0,32.0,2210.0,10641.65388,5.090909090909091,94.78341789829328
67.0,33.0,2210.0,10722.27247,5.2105263157894735,94.77844193672115
67.0,34.0,2210.0,10802.89106,5.328358208955224,94.48844309501713
67.0,35.0,2210.0,10883.50965,5.444444444444444,94.53280885106521
67.0,36.0,2210.0,10964.128239999998,5.5588235294117645,94.49802063205487
67.0,37.0,2210.0,11044.74683,5.671532846715328,94.38548237962166
67.0,38.0,2210.0,11125.36542,5.782608695652174,94.41449248382901
67.0,39.0,2210.0,11205.984010000002,5.892086330935252,94.57296269687325
67.0,40.0,2210.0,11286.6026,6.0,94.61085285732861
67.0,41.0,2210.0,11367.221189999998,6.106382978723404,94.33376866882433
67.0,42.0,2210.0,11447.839779999998,6.211267605633803,94.08248668510637
67.0,43.0,2210.0,11528.458369999998,6.314685314685314,93.63860206500053
67.0,44.0,2210.0,11609.076959999999,6.416666666666667,93.83632249855086
67.0,45.0,2210.0,11689.695549999999,6.517241379310345,93.59944936711962
67.0,46.0,2210.0,11770.31414,6.616438356164383,93.60322800296836
67.0,47.0,2210.0,11850.93273,6.714285714285714,93.47935548155827
67.0,48.0,2210.0,11931.55132,6.810810810810811,93.52626264609742
67.0,49.0,2210.0,12012.16991,6.906040268456376,93.25911646618042
67.0,50.0,2210.0,12092.7885,7.0,93.44047777843977
67.0,51.0,2210.0,12173.407089999999,7.0927152317880795,93.32960961689427
67.0,52.0,2210.0,12254.025679999999,7.184210526315789,93.10918329169843
67.0,53.0,2210.0,12334.644269999999,7.2745098039215685,93.46129103259109
67.0,54.0,2210.0,12415.262859999999,7.363636363636363,92.99316356556828
67.0,55.0,2210.0,12495.88145,7.451612903225807,93.07649884533471
67.0,56.0,2210.0,12576.50004,7.538461538461538,92.70320213686858
67.0,57.0,2210.0,12657.118629999999,7.62420382165605,92.78245712056354
67.0,58.0,2210.0,12737.73722,7.708860759493671,93.05159335281142
67.0,59.0,2210.0,12818.35581,7.792452830188679,92.68110398101858
67.0,60.0,2210.0,12898.974400000001,7.875,93.00248266167527
67.0,61.0,2210.0,12979.592989999997,7.956521739130435,92.67592390411606
67.0,62.0,2210.0,13060.21158,8.037037037037036,92.62645594272735
67.0,63.0,2210.0,13140.83017,8.116564417177914,92.28433128164755
67.0,64.0,2210.0,13221.448760000001,8.195121951219512,92.1971342280312
67.0,65.0,2210.0,13302.06735,8.272727272727272,92.30779905563006
67.0,66.0,2210.0,13382.685940000001,8.349397590361447,92.31241642337277
67.0,67.0,2210.0,13463.30453,8.425149700598803,92.26205498142954
67.0,68.0,2210.0,13543.923120000001,8.5,92.21259265283534
67.0,69.0,2210.0,13624.54171,8.57396449704142,92.33355796117785
67.0,70.0,2210.0,13705.160299999998,8.647058823529411,92.34243913599217
67.0,71.0,2210.0,13785.77889,8.719298245614034,91.97384286842052
67.0,72.0,2210.0,13866.39748,8.790697674418604,91.87382695083473
67.0,73.0,2210.0,13947.01607,8.861271676300579,92.07670783884971
67.0,74.0,2210.0,14027.63466,8.931034482758621,92.08088647618526
67.0,75.0,2210.0,14108.25325,9.0,91.8642590662577
67.0,76.0,2210.0,14188.87184,9.068181818181818,91.56651781212138
67.0,77.0,2210.0,14269.49043,9.135593220338983,91.52607942590676
67.0,78.0,2210.0,14350.10902,9.202247191011237,91.61472502217245
67.0,79.0,2210.0,14430.72761,9.268156424581004,91.5078698310263
67.0,80.0,2210.0,14511.3462,9.333333333333332,91.51104075292608
68.0,30.0,2240.0,10622.6848,4.846153846153847,95.09895410673045
68.0,31.0,2240.0,10704.397760000002,4.969465648854962,95.11774863801864
68.0,32.0,2240.0,10786.11072,5.090909090909091,95.1703387814056
68.0,33.0,2240.0,10867.823680000001,5.2105263157894735,94.93356771265152
68.0,34.0,2240.0,10949.53664,5.328358208955224,94.62124717855097
68.0,35.0,2240.0,11031.249600000001,5.444444444444444,94.61794646422227
68.0,36.0,2240.0,11112.962559999998,5.5588235294117645,94.18819434708622
68.0,37.0,2240.0,11194.67552,5.671532846715328,94.62406939701087
68.0,38.0,2240.0,11276.38848,5.782608695652174,94.40278027637427
68.0,39.0,2240.0,11358.101440000002,5.892086330935252,94.15359411075296
68.0,40.0,2240.0,11439.8144,6.0,94.1898016506779
68.0,41.0,2240.0,11521.52736,6.106382978723404,94.00678563082772
68.0,42.0,2240.0,11603.240319999999,6.211267605633803,94.15759113397726
68.0,43.0,2240.0,11684.95328,6.314685314685314,94.06076097881773
68.0,44.0,2240.0,11766.666239999999,6.416666666666667,93.44314022732877
68.0,45.0,2240.0,11848.3792,6.517241379310345,93.6432722494538
68.0,46.0,2240.0,11930.09216,6.616438356164383,93.7100978576173
68.0,47.0,2240.0,12011.80512,6.714285714285714,93.64483709742069
68.0,48.0,2240.0,12093.51808,6.810810810810811,93.61221462237604
68.0,49.0,2240.0,12175.23104,6.906040268456376,93.68319864113434
68.0,50.0,2240.0,12256.944,7.0,93.3749697840069
68.0,51.0,2240.0,12338.65696,7.0927152317880795,93.12737346785
68.0,52.0,2240.0,12420.36992,7.184210526315789,93.35415948884989
68.0,53.0,2240.0,12502.08288,7.2745098039215685,93.25903530657966
68.0,54.0,2240.0,12583.795839999999,7.363636363636363,93.124901099089
68.0,55.0,2240.0,12665.508800000001,7.451612903225807,92.95486851459464
68.0,56.0,2240.0,12747.22176,7.538461538461538,92.99840715476242
68.0,57.0,2240.0,12828.93472,7.62420382165605,93.00712821806134
68.0,58.0,2240.0,12910.64768,7.708860759493671,92.79609552920334
68.0,59.0,2240.0,12992.360639999999,7.792452830188679,92.72583349039834
68.0,60.0,2240.0,13074.0736,7.875,92.85104795717542
68.0,61.0,2240.0,13155.786559999999,7.956521739130435,92.70300722240421
68.0,62.0,2240.0,13237.49952,8.037037037037036,92.42699612146312
68.0,63.0,2240.0,13319.21248,8.116564417177914,92.52016774308207
68.0,64.0,2240.0,13400.92544,8.195121951219512,92.5498184041883
68.0,65.0,2240.0,13482.6384,8.272727272727272,92.53161144262016
68.0,66.0,2240.0,13564.35136,8.349397590361447,92.40999318489659
68.0,67.0,2240.0,13646.06432,8.425149700598803,92.16433628101254
68.0,68.0,2240.0,13727.77728,8.5,92.14005597455686
68.0,69.0,2240.0,13809.49024,8.57396449704142,92.14984713190803
68.0,70.0,2240.0,13891.203199999998,8.647058823529411,92.09778871281075
68.0,71.0,2240.0,13972.91616,8.719298245614034,92.11091490877592
68.0,72.0,2240.0,14054.62912,8.790697674418604,92.03026862362478
68.0,73.0,2240.0,14136.34208,8.861271676300579,91.61546050368447
68.0,74.0,2240.0,14218.05504,8.931034482758621,91.88589518833298
68.0,75.0,2240.0,14299.768,9.0,91.5834265401783
68.0,76.0,2240.0,14381.480959999999,9.068181818181818,91.9214509055626
68.0,77.0,2240.0,14463.19392,9.135593220338983,91.65866528376898
68.0,78.0,2240.0,14544.906879999999,9.202247191011237,91.55542935541845
68.0,79.0,2240.0,14626.61984,9.268156424581004,91.43909435471912
68.0,80.0,2240.0,14708.3328,9.333333333333332,91.4513896361572
69.0,30.0,2270.0,10764.9529,4.846153846153847,95.15005050762103
69.0,31.0,2270.0,10847.760230000002,4.969465648854962,95.1361088626291
69.0,32.0,2270.0,10930.567560000001,5.090909090909091,94.68525691424136
69.0,33.0,2270.0,11013.374890000001,5.2105263157894735,94.86487388135704
69.0,34.0,2270.0,11096.18222,5.328358208955224,94.69776717284401
69.0,35.0,2270.0,11178.98955,5.444444444444444,94.55946000958264
69.0,36.0,2270.0,11261.796879999998,5.5588235294117645,94.58688797194763
69.0,37.0,2270.0,11344.60421,5.671532846715328,94.76541435948879
69.0,38.0,2270.0,11427.41154,5.782608695652174,94.26288469022212
69.0,39.0,2270.0,11510.218870000002,5.892086330935252,94.46618338557361
69.0,40.0,2270.0,11593.0262,6.0,94.06934003858132
69.0,41.0,2270.0,11675.83353,6.106382978723404,93.89324919489049
69.0,42.0,2270.0,11758.64086,6.211267605633803,94.09311956071201
69.0,43.0,2270.0,11841.44819,6.314685314685314,93.59961266417736
69.0,44.0,2270.0,11924.255519999999,6.416666666666667,93.76671282492862
69.0,45.0,2270.0,12007.062849999998,6.517241379310345,93.71450280086364
69.0,46.0,2270.0,12089.87018,6.616438356164383,93.64128834968456
69.0,47.0,2270.0,12172.67751,6.714285714285714,93.56058815631143
69.0,48.0,2270.0,12255.48484,6.810810810810811,93.41576380693829
69.0,49.0,2270.0,12338.29217,6.906040268456376,93.33280208859196
69.0,50.0,2270.0,12421.0995,7.0,93.5064856933847
69.0,51.0,2270.0,12503.90683,7.0927152317880795,93.47574890333145
69.0,52.0,2270.0,12586.71416,7.184210526315789,93.3228407419822
69.0,53.0,2270.0,12669.52149,7.2745098039215685,93.03933128162357
69.0,54.0,2270.0,12752.328819999999,7.363636363636363,93.21337395266981
69.0,55.0,2270.0,12835.13615,7.451612903225807,93.22525359262112
69.0,56.0,2270.0,12917.94348,7.538461538461538,92.76317155741741
69.0,57.0,2270.0,13000.750809999998,7.62420382165605,92.80997151378317
69.0,58.0,2270.0,13083.558140000001,7.708860759493671,92.72216237171416
69.0,59.0,2270.0,13166.365469999999,7.792452830188679,93.03055567003095
69.0,60.0,2270.0,13249.1728,7.875,92.8809741481496
69.0,61.0,2270.0,13331.980129999998,7.956521739130435,92.46049300455073
69.0,62.0,2270.0,13414.78746,8.037037037037036,92.63625247744574
69.0,63.0,2270.0,13497.59479,8.116564417177914,92.74621812928338
69.0,64.0,2270.0,13580.40212,8.195121951219512,92.75624252942073
69.0,65.0,2270.0,13663.209449999998,8.272727272727272,92.30557088994127
69.0,66.0,2270.0,13746.016780000002,8.349397590361447,92.21955598596286
69.0,67.0,2270.0,13828.82411,8.425149700598803,92.25622654393565
69.0,68.0,2270.0,13911.631440000001,8.5,92.2699972822917
69.0,69.0,2270.0,13994.438769999999,8.57396449704142,92.41524542164134
69.0,70.0,2270.0,14077.246099999998,8.647058823529411,92.01828204135742
69.0,71.0,2270.0,14160.05343,8.719298245614034,92.01835999053944
69.0,72.0,2270.0,14242.86076,8.790697674418604,92.02649680132576
69.0,73.0,2270.0,14325.66809,8.861271676300579,91.83669544215195
69.0,74.0,2270.0,14408.47542,8.931034482758621,91.8771711631436
69.0,75.0,2270.0,14491.28275,9.0,91.779413995315
69.0,76.0,2270.0,14574.09008,9.068181818181818,91.86528646698223
69.0,77.0,2270.0,14656.89741,9.135593220338983,91.64081368484631
69.0,78.0,2270.0,14739.70474,9.202247191011237,91.6321285241368
69.0,79.0,2270.0,14822.512069999999,9.268156424581004,91.56524331801576
69.0,80.0,2270.0,14905.3194,9.333333333333332,91.44468070597884
70.0,30.0,2300.0,10907.221000000001,4.846153846153847,95.22232731958748
70.0,31.0,2300.0,10991.122700000002,4.969465648854962,95.0354393298667
70.0,32.0,2300.0,11075.0244,5.090909090909091,95.1083377205903
70.0,33.0,2300.0,11158.9261,5.2105263157894735,94.83927167372028
70.0,34.0,2300.0,11242.827800000001,5.328358208955224,94.28205533370983
70.0,35.0,2300.0,11326.7295,5.444444444444444,94.82035983003578
70.0,36.0,2300.0,11410.631199999998,5.5588235294117645,94.56302212386515
70.0,37.0,2300.0,11494.5329,5.671532846715328,94.46737268574188
70.0,38.0,2300.0,11578.4346,5.782608695652174,94.33046507448512
70.0,39.0,2300.0,11662.3363,5.892086330935252,94.029567122768
70.0,40.0,2300.0,11746.238,6.0,94.2066543570455
70.0,41.0,2300.0,11830.1397,6.106382978723404,93.99639237539402
70.0,42.0,2300.0,11914.041399999998,6.211267605633803,94.12963613618712
70.0,43.0,2300.0,11997.943099999999,6.314685314685314,94.20455137286054
70.0,44.0,2300.0,12081.844799999999,6.416666666666667,93.99209707947882
70.0,45.0,2300.0,12165.7465,6.517241379310345,93.88772893380684
70.0,46.0,2300.0,12249.6482,6.616438356164383,93.58946419891382
70.0,47.0,2300.0,12333.5499,6.714285714285714,93.64188182449791
70.0,48.0,2300.0,12417.4516,6.810810810810811,93.51830421723233
70.0,49.0,2300.0,12501.3533,6.906040268456376,93.57466838327912
70.0,50.0,2300.0,12585.255,7.0,93.56164582271916
70.0,51.0,2300.0,12669.1567,7.0927152317880795,93.37862403122072
70.0,52.0,2300.0,12753.0584,7.184210526315789,93.46663055007585
70.0,53.0,2300.0,12836.960099999998,7.2745098039215685,93.41448154517838
70.0,54.0,2300.0,12920.861799999999,7.363636363636363,92.96014712725888
70.0,55.0,2300.0,13004.763500000001,7.451612903225807,92.83992817198836
70.0,56.0,2300.0,13088.665200000001,7.538461538461538,93.0875819680064
70.0,57.0,2300.0,13172.566899999998,7.62420382165605,92.8069319866127
70.0,58.0,2300.0,13256.4686,7.708860759493671,92.89760873996198
70.0,59.0,2300.0,13340.370299999999,7.792452830188679,92.88241656951745
70.0,60.0,2300.0,13424.272,7.875,92.60208479367638
70.0,61.0,2300.0,13508.173699999998,7.956521739130435,92.40551939164506
70.0,62.0,2300.0,13592.0754,8.037037037037036,92.63351020445204
70.0,63.0,2300.0,13675.9771,8.116564417177914,92.54133010205678
70.0,64.0,2300.0,13759.878800000002,8.195121951219512,92.38116572105653
70.0,65.0,2300.0,13843.780499999999,8.272727272727272,92.05429418103554
70.0,66.0,2300.0,13927.682200000001,8.349397590361447,92.47778318519264
70.0,67.0,2300.0,14011.5839,8.425149700598803,92.30336374970463
70.0,68.0,2300.0,14095.4856,8.5,92.42825082749897
70.0,69.0,2300.0,14179.387299999999,8.57396449704142,92.33571175718458
70.0,70.0,2300.0,14263.288999999999,8.647058823529411,92.22014246497109
70.0,71.0,2300.0,14347.190700000001,8.719298245614034,92.15929980653098
70.0,72.0,2300.0,14431.0924,8.790697674418604,91.92244471325802
70.0,73.0,2300.0,14514.9941,8.861271676300579,91.78019072630222
70.0,74.0,2300.0,14598.8958,8.931034482758621,91.98266809210328
70.0,75.0,2300.0,14682.7975,9.0,91.7674910485361
70.0,76.0,2300.0,14766.6992,9.068181818181818,91.54297900668358
70.0,77.0,2300.0,14850.6009,9.135593220338983,91.63538706971781
70.0,78.0,2300.0,14934.5026,9.202247191011237,91.38615424224574
70.0,79.0,2300.0,15018.404299999998,9.268156424581004,91.42337819451355
70.0,80.0,2300.0,15102.306,9.333333333333332,91.45811807886791
71.0,30.0,2330.0,11049.4891,4.846153846153847,95.34331266209942
71.0,31.0,2330.0,11134.48517,4.969465648854962,94.75990600237968
71.0,32.0,2330.0,11219.481240000001,5.090909090909091,94.89229523216679
71.0,33.0,2330.0,11304.47731,5.2105263157894735,94.65336445857497
71.0,34.0,2330.0,11389.47338,5.328358208955224,94.67931447163492
71.0,35.0,2330.0,11474.46945,5.444444444444444,94.78542005535753
71.0,36.0,2330.0,11559.465519999998,5.5588235294117645,94.54076475033537
71.0,37.0,2330.0,11644.461589999999,5.671532846715328,94.3890929368496
71.0,38.0,2330.0,11729.45766,5.782608695652174,94.62646874233208
71.0,39.0,2330.0,11814.453730000001,5.892086330935252,94.31614775367262
71.0,40.0,2330.0,11899.449799999999,6.0,94.27595689764848
71.0,41.0,2330.0,11984.44587,6.106382978723404,94.32662037536922
71.0,42.0,2330.0,12069.441939999999,6.211267605633803,93.89061299715014
71.0,43.0,2330.0,12154.438009999998,6.314685314685314,93.82653177861374
71.0,44.0,2330.0,12239.434079999999,6.416666666666667,94.01755513457255
71.0,45.0,2330.0,12324.430149999998,6.517241379310345,93.86784596557385
71.0,46.0,2330.0,12409.426220000001,6.616438356164383,94.01060096495077
71.0,47.0,2330.0,12494.42229,6.714285714285714,93.7429178986807
71.0,48.0,2330.0,12579.41836,6.810810810810811,93.6112435612743
71.0,49.0,2330.0,12664.41443,6.906040268456376,93.67051274286152
71.0,50.0,2330.0,12749.4105,7.0,93.57573564488722
71.0,51.0,2330.0,12834.40657,7.0927152317880795,93.27003120607445
71.0,52.0,2330.0,12919.40264,7.184210526315789,93.2719317378387
71.0,53.0,2330.0,13004.39871,7.2745098039215685,93.47517526406493
71.0,54.0,2330.0,13089.394779999999,7.363636363636363,93.1019199786081
71.0,55.0,2330.0,13174.390850000002,7.451612903225807,93.0956437725837
71.0,56.0,2330.0,13259.38692,7.538461538461538,93.0005484409707
71.0,57.0,2330.0,13344.382989999998,7.62420382165605,92.97314162973552
71.0,58.0,2330.0,13429.379060000001,7.708860759493671,92.7073456935508
71.0,59.0,2330.0,13514.375129999999,7.792452830188679,92.83761352033468
71.0,60.0,2330.0,13599.3712,7.875,92.76966019798458
71.0,61.0,2330.0,13684.367269999997,7.956521739130435,92.39719073462561
71.0,62.0,2330.0,13769.36334,8.037037037037036,93.07421327492919
71.0,63.0,2330.0,13854.35941,8.116564417177914,92.43263853759855
71.0,64.0,2330.0,13939.355480000002,8.195121951219512,92.5577761916357
71.0,65.0,2330.0,14024.35155,8.272727272727272,92.24665846817084
71.0,66.0,2330.0,14109.34762,8.349397590361447,92.03196993311442
71.0,67.0,2330.0,14194.34369,8.425149700598803,92.23118676066825
71.0,68.0,2330.0,14279.33976,8.5,92.34390432352613
71.0,69.0,2330.0,14364.335829999998,8.57396449704142,91.82056150960148
71.0,70.0,2330.0,14449.3319,8.647058823529411,91.810551059004
71.0,71.0,2330.0,14534.32797,8.719298245614034,91.7801598271141
71.0,72.0,2330.0,14619.32404,8.790697674418604,91.96321308196595
71.0,73.0,2330.0,14704.32011,8.861271676300579,91.7651988271745
71.0,74.0,2330.0,14789.31618,8.931034482758621,91.6266261060438
71.0,75.0,2330.0,14874.312249999999,9.0,91.91747545222057
71.0,76.0,2330.0,14959.30832,9.068181818181818,91.80310438151953
71.0,77.0,2330.0,15044.30439,9.135593220338983,91.59499563222835
71.0,78.0,2330.0,15129.300459999999,9.202247191011237,91.91631631907359
71.0,79.0,2330.0,15214.29653,9.268156424581004,91.80402450577343
71.0,80.0,2330.0,15299.2926,9.333333333333332,91.41809165463228
72.0,30.0,2360.0,11191.757200000002,4.846153846153847,95.26773596647394
72.0,31.0,2360.0,11277.84764,4.969465648854962,95.16105240855867
72.0,32.0,2360.0,11363.93808,5.090909090909091,95.32631085545313
72.0,33.0,2360.0,11450.02852,5.2105263157894735,94.64164299009475
72.0,34.0,2360.0,11536.11896,5.328358208955224,94.6436515578745
72.0,35.0,2360.0,11622.2094,5.444444444444444,94.63542097654828
72.0,36.0,2360.0,11708.299839999998,5.5588235294117645,94.44330580058504
72.0,37.0,2360.0,11794.39028,5.671532846715328,94.34794594992125
72.0,38.0,2360.0,11880.48072,5.782608695652174,94.17821333012914
72.0,39.0,2360.0,11966.571160000001,5.892086330935252,94.31330288232655
72.0,40.0,2360.0,12052.6616,6.0,94.06906101956393
72.0,41.0,2360.0,12138.75204,6.106382978723404,94.25643998223013
72.0,42.0,2360.0,12224.84248,6.211267605633803,94.05982265663864
72.0,43.0,2360.0,12310.93292,6.314685314685314,94.14327787668891
72.0,44.0,2360.0,12397.02336,6.416666666666667,93.77790342878485
72.0,45.0,2360.0,12483.1138,6.517241379310345,93.94025606359416
72.0,46.0,2360.0,12569.204240000001,6.616438356164383,93.65201910509667
72.0,47.0,2360.0,12655.29468,6.714285714285714,93.67622342735447
72.0,48.0,2360.0,12741.38512,6.810810810810811,93.5404841348355
72.0,49.0,2360.0,12827.47556,6.906040268456376,93.47240839478077
72.0,50.0,2360.0,12913.565999999999,7.0,93.39897020475912
72.0,51.0,2360.0,12999.656439999999,7.0927152317880795,93.2534821802184
72.0,52.0,2360.0,13085.746879999999,7.184210526315789,93.31061714702744
72.0,53.0,2360.0,13171.837319999999,7.2745098039215685,93.28181184001576
72.0,54.0,2360.0,13257.927759999999,7.363636363636363,93.24568815652827
72.0,55.0,2360.0,13344.0182,7.451612903225807,92.99668733384922
72.0,56.0,2360.0,13430.10864,7.538461538461538,92.97906008571366
72.0,57.0,2360.0,13516.199079999999,7.62420382165605,93.01930429323531
72.0,58.0,2360.0,13602.28952,7.708860759493671,92.78109108516422
72.0,59.0,2360.0,13688.379959999998,7.792452830188679,92.87710574667568
72.0,60.0,2360.0,13774.4704,7.875,92.68729954019273
72.0,61.0,2360.0,13860.560839999998,7.956521739130435,92.59875810335507
72.0,62.0,2360.0,13946.65128,8.037037037037036,92.54102809201167
72.0,63.0,2360.0,14032.74172,8.116564417177914,92.4265602437605
72.0,64.0,2360.0,14118.832160000002,8.195121951219512,92.2899280822805
72.0,65.0,2360.0,14204.9226,8.272727272727272,92.25423450876566
72.0,66.0,2360.0,14291.013040000002,8.349397590361447,92.48306435066034
72.0,67.0,2360.0,14377.10348,8.425149700598803,92.14326510592645
72.0,68.0,2360.0,14463.193920000002,8.5,92.25589766297102
72.0,69.0,2360.0,14549.284359999998,8.57396449704142,92.27929657752743
72.0,70.0,2360.0,14635.374799999998,8.647058823529411,92.12012648752028
72.0,71.0,2360.0,14721.46524,8.719298245614034,92.09760130030277
72.0,72.0,2360.0,14807.55568,8.790697674418604,92.02865652406979
72.0,73.0,2360.0,14893.64612,8.861271676300579,92.09690532767559
72.0,74.0,2360.0,14979.73656,8.931034482758621,91.90550338349055
72.0,75.0,2360.0,15065.827,9.0,91.88411386036404
72.0,76.0,2360.0,15151.91744,9.068181818181818,91.72074333434232
72.0,77.0,2360.0,15238.00788,9.135593220338983,91.7365066622841
72.0,78.0,2360.0,15324.09832,9.202247191011237,91.30228043252842
72.0,79.0,2360.0,15410.18876,9.268156424581004,91.43038970405264
72.0,80.0,2360.0,15496.2792,9.333333333333332,91.32412786383101
73.0,30.0,2390.0,11334.025300000001,4.846153846153847,95.14254330524167
73.0,31.0,2390.0,11421.21011,4.969465648854962,95.2145355508329
73.0,32.0,2390.0,11508.39492,5.090909090909091,94.91240161428132
73.0,33.0,2390.0,11595.579730000001,5.2105263157894735,95.0824375277002
73.0,34.0,2390.0,11682.76454,5.328358208955224,94.89149757242123
73.0,35.0,2390.0,11769.94935,5.444444444444444,94.65377867501789
73.0,36.0,2390.0,11857.134159999998,5.5588235294117645,94.47024702376319
73.0,37.0,2390.0,11944.31897,5.671532846715328,94.54197786494335
73.0,38.0,2390.0,12031.50378,5.782608695652174,94.702186916949
73.0,39.0,2390.0,12118.688590000002,5.892086330935252,94.23415000789386
73.0,40.0,2390.0,12205.873399999999,6.0,94.34081396687306
73.0,41.0,2390.0,12293.05821,6.106382978723404,94.26523274641448
73.0,42.0,2390.0,12380.243019999998,6.211267605633803,93.76825583142818
73.0,43.0,2390.0,12467.427829999999,6.314685314685314,93.94921867224014
73.0,44.0,2390.0,12554.61264,6.416666666666667,93.84574519164734
73.0,45.0,2390.0,12641.797449999998,6.517241379310345,94.0245287774073
73.0,46.0,2390.0,12728.98226,6.616438356164383,93.68720826309115
73.0,47.0,2390.0,12816.16707,6.714285714285714,93.73270797079041
73.0,48.0,2390.0,12903.35188,6.810810810810811,93.54562647449164
73.0,49.0,2390.0,12990.536689999999,6.906040268456376,93.29931226916212
73.0,50.0,2390.0,13077.7215,7.0,93.57957603427106
73.0,51.0,2390.0,13164.90631,7.0927152317880795,93.26607720456205
73.0,52.0,2390.0,13252.09112,7.184210526315789,92.93741130541244
73.0,53.0,2390.0,13339.27593,7.2745098039215685,93.10518728121528
73.0,54.0,2390.0,13426.460739999999,7.363636363636363,93.18660194979395
73.0,55.0,2390.0,13513.645550000001,7.451612903225807,93.18926453483093
73.0,56.0,2390.0,13600.83036,7.538461538461538,92.93349204812473
73.0,57.0,2390.0,13688.015169999999,7.62420382165605,92.83606155367343
73.0,58.0,2390.0,13775.199980000001,7.708860759493671,93.19929196662797
73.0,59.0,2390.0,13862.384789999998,7.792452830188679,92.65597511200222
73.0,60.0,2390.0,13949.5696,7.875,92.57928709563365
73.0,61.0,2390.0,14036.754409999998,7.956521739130435,92.82731969593499
73.0,62.0,2390.0,14123.93922,8.037037037037036,92.80656500231892
73.0,63.0,2390.0,14211.124029999999,8.116564417177914,92.5895026748006
73.0,64.0,2390.0,14298.308840000002,8.195121951219512,92.23511707627006
73.0,65.0,2390.0,14385.493649999999,8.272727272727272,92.37666024954981
73.0,66.0,2390.0,14472.678460000001,8.349397590361447,92.52058958809091
73.0,67.0,2390.0,14559.863269999998,8.425149700598803,91.97675515150469
73.0,68.0,2390.0,14647.04808,8.5,92.43805514751803
73.0,69.0,2390.0,14734.23289,8.57396449704142,92.20867544787603
73.0,70.0,2390.0,14821.417699999998,8.647058823529411,92.29205847092166
73.0,71.0,2390.0,14908.60251,8.719298245614034,92.16672820171564
73.0,72.0,2390.0,14995.78732,8.790697674418604,91.99659310249717
73.0,73.0,2390.0,15082.97213,8.861271676300579,91.86487615840657
73.0,74.0,2390.0,15170.156939999999,8.931034482758621,91.81892730049226
73.0,75.0,2390.0,15257.34175,9.0,91.8535358728615
73.0,76.0,2390.0,15344.52656,9.068181818181818,91.78336235342402
73.0,77.0,2390.0,15431.711369999999,9.135593220338983,91.57878798678838
73.0,78.0,2390.0,15518.89618,9.202247191011237,91.4591300951912
73.0,79.0,2390.0,15606.080989999999,9.268156424581004,91.4632875697259
73.0,80.0,2390.0,15693.265800000001,9.333333333333332,91.67303796102148
74.0,30.0,2420.0,11476.2934,4.846153846153847,95.11845126290952
74.0,31.0,2420.0,11564.57258,4.969465648854962,94.85891262694443
74.0,32.0,2420.0,11652.851760000001,5.090909090909091,94.9968876911149
74.0,33.0,2420.0,11741.130940000001,5.2105263157894735,94.6740844061696
74.0,34.0,2420.0,11829.41012,5.328358208955224,94.50223982292812
74.0,35.0,2420.0,11917.6893,5.444444444444444,94.62929873275334
74.0,36.0,2420.0,12005.968479999998,5.5588235294117645,94.66758519693225
74.0,37.0,2420.0,12094.247659999999,5.671532846715328,94.52131517331355
74.0,38.0,2420.0,12182.52684,5.782608695652174,94.54045268131433
74.0,39.0,2420.0,12270.806020000002,5.892086330935252,94.34051866923066
74.0,40.0,2420.0,12359.0852,6.0,94.22279624300558
74.0,41.0,2420.0,12447.364379999999,6.106382978723404,94.48480036632868
74.0,42.0,2420.0,12535.643559999999,6.211267605633803,93.8854245987926
74.0,43.0,2420.0,12623.922739999998,6.314685314685314,93.91307737677414
74.0,44.0,2420.0,12712.201919999998,6.416666666666667,93.71229383647031
74.0,45.0,2420.0,12800.481099999999,6.517241379310345,93.70195718813326
74.0,46.0,2420.0,12888.76028,6.616438356164383,93.79697387755722
74.0,47.0,2420.0,12977.03946,6.714285714285714,93.69331303637385
74.0,48.0,2420.0,13065.31864,6.810810810810811,93.46861185537178
74.0,49.0,2420.0,13153.597819999999,6.906040268456376,93.49166302443852
74.0,50.0,2420.0,13241.877,7.0,93.27447396858348
74.0,51.0,2420.0,13330.15618,7.0927152317880795,93.10257828314451
74.0,52.0,2420.0,13418.43536,7.184210526315789,93.17850164501053
74.0,53.0,2420.0,13506.714539999999,7.2745098039215685,93.28648132292105
74.0,54.0,2420.0,13594.993719999999,7.363636363636363,93.21598673287833
74.0,55.0,2420.0,13683.272900000002,7.451612903225807,92.90255923156326
74.0,56.0,2420.0,13771.552080000001,7.538461538461538,93.03654175645556
74.0,57.0,2420.0,13859.831259999999,7.62420382165605,92.77629381788762
74.0,58.0,2420.0,13948.11044,7.708860759493671,92.94161049777784
74.0,59.0,2420.0,14036.389619999998,7.792452830188679,92.78105716744298
74.0,60.0,2420.0,14124.6688,7.875,92.56943916190592
74.0,61.0,2420.0,14212.947979999997,7.956521739130435,92.28037243320867
74.0,62.0,2420.0,14301.22716,8.037037037037036,92.7628650071134
74.0,63.0,2420.0,14389.50634,8.116564417177914,92.26926851318727
74.0,64.0,2420.0,14477.785520000001,8.195121951219512,92.0884008767383
74.0,65.0,2420.0,14566.064699999999,8.272727272727272,92.09756671806576
74.0,66.0,2420.0,14654.34388,8.349397590361447,92.29674669577807
74.0,67.0,2420.0,14742.623059999998,8.425149700598803,92.29059681320689
74.0,68.0,2420.0,14830.902240000001,8.5,92.25207433388307
74.0,69.0,2420.0,14919.181419999999,8.57396449704142,92.05993839874982
74.0,70.0,2420.0,15007.460599999999,8.647058823529411,92.27142833275136
74.0,71.0,2420.0,15095.73978,8.719298245614034,92.18855896169066
74.0,72.0,2420.0,15184.01896,8.790697674418604,92.06371795176133
74.0,73.0,2420.0,15272.29814,8.861271676300579,91.80310873185499
74.0,74.0,2420.0,15360.57732,8.931034482758621,91.55095589661121
74.0,75.0,2420.0,15448.8565,9.0,91.55471653620174
74.0,76.0,2420.0,15537.13568,9.068181818181818,91.76765828901014
74.0,77.0,2420.0,15625.414859999999,9.135593220338983,91.76631442972413
74.0,78.0,2420.0,15713.694039999998,9.202247191011237,91.41792119816088
74.0,79.0,2420.0,15801.97322,9.268156424581004,91.63370845887115
74.0,80.0,2420.0,15890.252400000001,9.333333333333332,91.13370965732474
75.0,30.0,2450.0,11618.561500000002,4.846153846153847,95.0115228463151
75.0,31.0,2450.0,11707.93505,4.969465648854962,94.95491420513186
75.0,32.0,2450.0,11797.3086,5.090909090909091,95.02797213615341
75.0,33.0,2450.0,11886.68215,5.2105263157894735,94.75679718571203
75.0,34.0,2450.0,11976.0557,5.328358208955224,94.48671290746583
75.0,35.0,2450.0,12065.429250000001,5.444444444444444,94.61152151451697
75.0,36.0,2450.0,12154.802799999998,5.5588235294117645,94.81738677778357
75.0,37.0,2450.0,12244.17635,5.671532846715328,94.44355527198023
75.0,38.0,2450.0,12333.5499,5.782608695652174,94.19461868287111
75.0,39.0,2450.0,12422.923450000002,5.892086330935252,94.5687861753796
75.0,40.0,2450.0,12512.296999999999,6.0,94.16354340477385
75.0,41.0,2450.0,12601.670549999999,6.106382978723404,93.91561819714232
75.0,42.0,2450.0,12691.0441,6.211267605633803,93.91703722827461
75.0,43.0,2450.0,12780.41765,6.314685314685314,93.97689727799646
75.0,44.0,2450.0,12869.791199999998,6.416666666666667,93.8674980402535
75.0,45.0,2450.0,12959.164749999998,6.517241379310345,94.06329815953956
75.0,46.0,2450.0,13048.5383,6.616438356164383,93.85226504059081
75.0,47.0,2450.0,13137.91185,6.714285714285714,93.71103308771394
75.0,48.0,2450.0,13227.2854,6.810810810810811,93.67576210691458
75.0,49.0,2450.0,13316.65895,6.906040268456376,93.54151226241193
75.0,50.0,2450.0,13406.0325,7.0,93.26479694986041
75.0,51.0,2450.0,13495.40605,7.0927152317880795,93.08769400611351
75.0,52.0,2450.0,13584.7796,7.184210526315789,93.14925802116461
75.0,53.0,2450.0,13674.153149999998,7.2745098039215685,93.5049755351684
75.0,54.0,2450.0,13763.526699999999,7.363636363636363,93.30309469064976
75.0,55.0,2450.0,13852.90025,7.451612903225807,93.1733354764352
75.0,56.0,2450.0,13942.2738,7.538461538461538,92.8171252926322
75.0,57.0,2450.0,14031.64735,7.62420382165605,92.70777719709326
75.0,58.0,2450.0,14121.020900000001,7.708860759493671,92.66650925463213
75.0,59.0,2450.0,14210.394449999998,7.792452830188679,92.8801291230758
75.0,60.0,2450.0,14299.768,7.875,92.67180023384034
75.0,61.0,2450.0,14389.141549999998,7.956521739130435,92.36577765411096
75.0,62.0,2450.0,14478.5151,8.037037037037036,92.41405927358988
75.0,63.0,2450.0,14567.888649999999,8.116564417177914,92.68161324456395
75.0,64.0,2450.0,14657.262200000001,8.195121951219512,92.2882063084649
75.0,65.0,2450.0,14746.63575,8.272727272727272,92.36036291292633
75.0,66.0,2450.0,14836.009300000002,8.349397590361447,92.63105045103403
75.0,67.0,2450.0,14925.382849999998,8.425149700598803,92.09925355637131
75.0,68.0,2450.0,15014.7564,8.5,92.2032803362441
75.0,69.0,2450.0,15104.129949999999,8.57396449704142,92.07807665178146
75.0,70.0,2450.0,15193.503499999999,8.647058823529411,91.96222022958797
75.0,71.0,2450.0,15282.877050000001,8.719298245614034,91.91151632516697
75.0,72.0,2450.0,15372.2506,8.790697674418604,91.85671823903593
75.0,73.0,2450.0,15461.62415,8.861271676300579,92.1230037312509
75.0,74.0,2450.0,15550.9977,8.931034482758621,91.95641047122139
75.0,75.0,2450.0,15640.37125,9.0,91.77578141939554
75.0,76.0,2450.0,15729.744799999999,9.068181818181818,91.85443070854838
75.0,77.0,2450.0,15819.118349999999,9.135593220338983,91.67393292689333
75.0,78.0,2450.0,15908.491899999999,9.202247191011237,91.85906578593391
75.0,79.0,2450.0,15997.86545,9.268156424581004,91.46643670251196
75.0,80.0,2450.0,16087.239000000001,9.333333333333332,91.47061602529205
76.0,30.0,2480.0,11760.829600000001,4.846153846153847,95.05431019495418
76.0,31.0,2480.0,11851.29752,4.969465648854962,95.05303977853914
76.0,32.0,2480.0,11941.765440000001,5.090909090909091,94.93852807205553
76.0,33.0,2480.0,12032.23336,5.2105263157894735,94.92781823088373
76.0,34.0,2480.0,12122.701280000001,5.328358208955224,94.60225957276823
76.0,35.0,2480.0,12213.1692,5.444444444444444,94.63234189017963
76.0,36.0,2480.0,12303.637119999998,5.5588235294117645,94.68637072699572
76.0,37.0,2480.0,12394.10504,5.671532846715328,94.74763714680775
76.0,38.0,2480.0,12484.57296,5.782608695652174,94.16737980003433
76.0,39.0,2480.0,12575.040880000002,5.892086330935252,94.24520459791611
76.0,40.0,2480.0,12665.5088,6.0,94.20572508594638
76.0,41.0,2480.0,12755.976719999999,6.106382978723404,93.87643919316452
76.0,42.0,2480.0,12846.44464,6.211267605633803,93.92058375834112
76.0,43.0,2480.0,12936.912559999999,6.314685314685314,93.94043705318586
76.0,44.0,2480.0,13027.380479999998,6.416666666666667,93.84012924503094
76.0,45.0,2480.0,13117.848399999999,6.517241379310345,93.60575807265478
76.0,46.0,2480.0,13208.31632,6.616438356164383,93.67801101332668
76.0,47.0,2480.0,13298.78424,6.714285714285714,93.70183994713481
76.0,48.0,2480.0,13389.25216,6.810810810810811,93.60928992970865
76.0,49.0,2480.0,13479.72008,6.906040268456376,93.47814119365538
76.0,50.0,2480.0,13570.188,7.0,93.29488722610188
76.0,51.0,2480.0,13660.65592,7.0927152317880795,93.24418566123066
76.0,52.0,2480.0,13751.12384,7.184210526315789,93.0125568775203
76.0,53.0,2480.0,13841.59176,7.2745098039215685,92.85119938114056
76.0,54.0,2480.0,13932.059679999998,7.363636363636363,93.04475636653514
76.0,55.0,2480.0,14022.527600000001,7.451612903225807,92.98859942213063
76.0,56.0,2480.0,14112.99552,7.538461538461538,92.92599807838963
76.0,57.0,2480.0,14203.463439999998,7.62420382165605,92.71769743067661
76.0,58.0,2480.0,14293.93136,7.708860759493671,93.06242096778914
76.0,59.0,2480.0,14384.399279999998,7.792452830188679,92.71288319691755
76.0,60.0,2480.0,14474.8672,7.875,92.90725740147785
76.0,61.0,2480.0,14565.335119999998,7.956521739130435,92.73422326519825
76.0,62.0,2480.0,14655.803039999999,8.037037037037036,92.71575825419376
76.0,63.0,2480.0,14746.27096,8.116564417177914,92.63170215719963
76.0,64.0,2480.0,14836.73888,8.195121951219512,92.50872945438253
76.0,65.0,2480.0,14927.2068,8.272727272727272,92.68090715417328
76.0,66.0,2480.0,15017.67472,8.349397590361447,92.56550615097706
76.0,67.0,2480.0,15108.142639999998,8.425149700598803,92.49843496769127
76.0,68.0,2480.0,15198.610560000001,8.5,92.00187416835445
76.0,69.0,2480.0,15289.078479999998,8.57396449704142,91.97836060960726
76.0,70.0,2480.0,15379.546399999997,8.647058823529411,92.11352539457509
76.0,71.0,2480.0,15470.01432,8.719298245614034,92.03274451997324
76.0,72.0,2480.0,15560.48224,8.790697674418604,91.88468775952228
76.0,73.0,2480.0,15650.95016,8.861271676300579,91.78854119572624
76.0,74.0,2480.0,15741.41808,8.931034482758621,92.21165119249417
76.0,75.0,2480.0,15831.886,9.0,91.70553125899048
76.0,76.0,2480.0,15922.35392,9.068181818181818,91.84499242641654
76.0,77.0,2480.0,16012.821839999999,9.135593220338983,91.51922162174489
76.0,78.0,2480.0,16103.28976,9.202247191011237,91.56212143599932
76.0,79.0,2480.0,16193.757679999999,9.268156424581004,91.52484122422814
76.0,80.0,2480.0,16284.225600000002,9.333333333333332,91.49371635365839
77.0,30.0,2510.0,11903.0977,4.846153846153847,95.46968534677414
77.0,31.0,2510.0,11994.65999,4.969465648854962,95.04943357632264
77.0,32.0,2510.0,12086.22228,5.090909090909091,95.00886962573942
77.0,33.0,2510.0,12177.78457,5.2105263157894735,94.85761342235017
77.0,34.0,2510.0,12269.34686,5.328358208955224,94.64006314696098
77.0,35.0,2510.0,12360.90915,5.444444444444444,94.85809387117763
77.0,36.0,2510.0,12452.471439999998,5.5588235294117645,94.36967604321242
77.0,37.0,2510.0,12544.03373,5.671532846715328,94.38901622429162
77.0,38.0,2510.0,12635.596019999999,5.782608695652174,94.40068423405218
77.0,39.0,2510.0,12727.158310000003,5.892086330935252,94.26656607856924
77.0,40.0,2510.0,12818.720599999999,6.0,93.90398308969141
77.0,41.0,2510.0,12910.282889999999,6.106382978723404,94.23365147177793
77.0,42.0,2510.0,13001.845179999998,6.211267605633803,93.9150405087514
77.0,43.0,2510.0,13093.407469999998,6.314685314685314,93.95023470253997
77.0,44.0,2510.0,13184.969759999998,6.416666666666667,94.09208328587158
77.0,45.0,2510.0,13276.532049999998,6.517241379310345,93.88144077946382
77.0,46.0,2510.0,13368.09434,6.616438356164383,94.08195682381819
77.0,47.0,2510.0,13459.65663,6.714285714285714,93.89147516874122
77.0,48.0,2510.0,13551.21892,6.810810810810811,93.44404362384623
77.0,49.0,2510.0,13642.78121,6.906040268456376,93.44667770987856
77.0,50.0,2510.0,13734.343499999999,7.0,93.42808238854283
77.0,51.0,2510.0,13825.905789999999,7.0927152317880795,93.413752733617
77.0,52.0,2510.0,13917.468079999999,7.184210526315789,93.18934396642197
77.0,53.0,2510.0,14009.030369999999,7.2745098039215685,93.45357371734099
77.0,54.0,2510.0,14100.592659999998,7.363636363636363,93.08706642526978
77.0,55.0,2510.0,14192.154950000002,7.451612903225807,93.1337133073549
77.0,56.0,2510.0,14283.71724,7.538461538461538,92.55716492786178
77.0,57.0,2510.0,14375.279529999998,7.62420382165605,92.69880473878894
77.0,58.0,2510.0,14466.84182,7.708860759493671,92.64917755293422
77.0,59.0,2510.0,14558.404109999998,7.792452830188679,92.72822281478906
77.0,60.0,2510.0,14649.9664,7.875,92.54954650660461
77.0,61.0,2510.0,14741.528689999997,7.956521739130435,92.74454579259091
77.0,62.0,2510.0,14833.090979999999,8.037037037037036,92.54701748156205
77.0,63.0,2510.0,14924.653269999999,8.116564417177914,92.27964625770579
77.0,64.0,2510.0,15016.215560000002,8.195121951219512,92.53218356689091
77.0,65.0,2510.0,15107.777849999999,8.272727272727272,92.42362004433318
77.0,66.0,2510.0,15199.340140000002,8.349397590361447,92.3976986344413
77.0,67.0,2510.0,15290.902429999998,8.425149700598803,92.30770096905918
77.0,68.0,2510.0,15382.464720000002,8.5,92.21328670232808
77.0,69.0,2510.0,15474.027009999998,8.57396449704142,92.2337008304088
77.0,70.0,2510.0,15565.589299999998,8.647058823529411,91.84235356642162
77.0,71.0,2510.0,15657.15159,8.719298245614034,92.01759342678935
77.0,72.0,2510.0,15748.71388,8.790697674418604,91.94257416786184
77.0,73.0,2510.0,15840.27617,8.861271676300579,92.0847700652633
77.0,74.0,2510.0,15931.838459999999,8.931034482758621,91.7215319586034
77.0,75.0,2510.0,16023.400749999999,9.0,91.73922962246348
77.0,76.0,2510.0,16114.963039999999,9.068181818181818,91.56795652241865
77.0,77.0,2510.0,16206.525329999999,9.135593220338983,91.51453432047198
77.0,78.0,2510.0,16298.087619999998,9.202247191011237,91.71356611247283
77.0,79.0,2510.0,16389.64991,9.268156424581004,91.64793500169104
77.0,80.0,2510.0,16481.2122,9.333333333333332,91.38938749386034
78.0,30.0,2540.0,12045.365800000001,4.846153846153847,94.93539576256421
78.0,31.0,2540.0,12138.02246,4.969465648854962,95.06333863264912
78.0,32.0,2540.0,12230.67912,5.090909090909091,95.14153848131089
78.0,33.0,2540.0,12323.335780000001,5.2105263157894735,94.96440278101755
78.0,34.0,2540.0,12415.99244,5.328358208955224,94.56197746767687
78.0,35.0,2540.0,12508.6491,5.444444444444444,94.74221275212119
78.0,36.0,2540.0,12601.305759999997,5.5588235294117645,94.68823090883618
78.0,37.0,2540.0,12693.96242,5.671532846715328,94.61592457823822
78.0,38.0,2540.0,12786.61908,5.782608695652174,94.25041584897777
78.0,39.0,2540.0,12879.275740000001,5.892086330935252,94.54031838713932
78.0,40.0,2540.0,12971.9324,6.0,94.0175122089082
78.0,41.0,2540.0,13064.589059999998,6.106382978723404,93.98698878278547
78.0,42.0,2540.0,13157.245719999999,6.211267605633803,93.94815097155684
78.0,43.0,2540.0,13249.90238,6.314685314685314,94.11638108768022
78.0,44.0,2540.0,13342.559039999998,6.416666666666667,93.95959520618689
78.0,45.0,2540.0,13435.215699999999,6.517241379310345,93.62642537818265
78.0,46.0,2540.0,13527.872360000001,6.616438356164383,93.52669253643221
78.0,47.0,2540.0,13620.52902,6.714285714285714,93.61424588841749
78.0,48.0,2540.0,13713.18568,6.810810810810811,93.68067065584302
78.0,49.0,2540.0,13805.84234,6.906040268456376,93.35205975406521
78.0,50.0,2540.0,13898.499,7.0,93.36618863277045
78.0,51.0,2540.0,13991.15566,7.0927152317880795,93.3959759247155
78.0,52.0,2540.0,14083.812319999999,7.184210526315789,93.22083050872156
78.0,53.0,2540.0,14176.46898,7.2745098039215685,93.07914767681567
78.0,54.0,2540.0,14269.125639999998,7.363636363636363,93.14235384393949
78.0,55.0,2540.0,14361.7823,7.451612903225807,92.92752630413189
78.0,56.0,2540.0,14454.438960000001,7.538461538461538,92.79474949524396
78.0,57.0,2540.0,14547.095619999998,7.62420382165605,93.0032018513269
78.0,58.0,2540.0,14639.75228,7.708860759493671,92.79648434792094
78.0,59.0,2540.0,14732.408939999998,7.792452830188679,92.62597452729572
78.0,60.0,2540.0,14825.0656,7.875,92.72273814413523
78.0,61.0,2540.0,14917.722259999997,7.956521739130435,92.63322225219702
78.0,62.0,2540.0,15010.37892,8.037037037037036,92.47376568332172
78.0,63.0,2540.0,15103.03558,8.116564417177914,92.3669180827854
78.0,64.0,2540.0,15195.692240000002,8.195121951219512,92.52453874708429
78.0,65.0,2540.0,15288.348899999999,8.272727272727272,92.3789928797729
78.0,66.0,2540.0,15381.005560000001,8.349397590361447,92.0456614355741
78.0,67.0,2540.0,15473.662219999998,8.425149700598803,92.42691348405559
78.0,68.0,2540.0,15566.31888,8.5,92.03820348608338
78.0,69.0,2540.0,15658.975539999998,8.57396449704142,92.39856246662265
78.0,70.0,2540.0,15751.632199999998,8.647058823529411,92.10535182194397
78.0,71.0,2540.0,15844.28886,8.719298245614034,92.02336851671173
78.0,72.0,2540.0,15936.94552,8.790697674418604,92.07451155472276
78.0,73.0,2540.0,16029.60218,8.861271676300579,91.75438776174107
78.0,74.0,2540.0,16122.25884,8.931034482758621,91.92774091561508
78.0,75.0,2540.0,16214.9155,9.0,91.78718331883204
78.0,76.0,2540.0,16307.57216,9.068181818181818,91.70844290288883
78.0,77.0,2540.0,16400.22882,9.135593220338983,91.47197360130176
78.0,78.0,2540.0,16492.88548,9.202247191011237,91.64283080207649
78.0,79.0,2540.0,16585.542139999998,9.268156424581004,91.4129125459548
78.0,80.0,2540.0,16678.198800000002,9.333333333333332,91.44784546389053
79.0,30.0,2570.0,12187.6339,4.846153846153847,95.22883398263461
79.0,31.0,2570.0,12281.38493,4.969465648854962,94.88811322531151
79.0,32.0,2570.0,12375.135960000001,5.090909090909091,95.03171250853278
79.0,33.0,2570.0,12468.88699,5.2105263157894735,94.72707546948818
79.0,34.0,2570.0,12562.63802,5.328358208955224,95.04118614480821
79.0,35.0,2570.0,12656.38905,5.444444444444444,94.41126351484343
79.0,36.0,2570.0,12750.140079999997,5.5588235294117645,94.46164999167114
79.0,37.0,2570.0,12843.89111,5.671532846715328,94.22726193091921
79.0,38.0,2570.0,12937.64214,5.782608695652174,94.33544240449247
79.0,39.0,2570.0,13031.393170000001,5.892086330935252,94.42389500433264
79.0,40.0,2570.0,13125.144199999999,6.0,94.28724376678639
79.0,41.0,2570.0,13218.895229999998,6.106382978723404,94.11932734750407
79.0,42.0,2570.0,13312.64626,6.211267605633803,93.9695540640682
79.0,43.0,2570.0,13406.397289999999,6.314685314685314,93.94018811840729
79.0,44.0,2570.0,13500.148319999998,6.416666666666667,93.7235223341769
79.0,45.0,2570.0,13593.899349999998,6.517241379310345,93.67919161482723
79.0,46.0,2570.0,13687.650380000001,6.616438356164383,93.9022018437844
79.0,47.0,2570.0,13781.40141,6.714285714285714,93.39808049163942
79.0,48.0,2570.0,13875.15244,6.810810810810811,93.56822297873256
79.0,49.0,2570.0,13968.90347,6.906040268456376,93.60296511231473
79.0,50.0,2570.0,14062.6545,7.0,93.30461891576188
79.0,51.0,2570.0,14156.40553,7.0927152317880795,93.17586260407633
79.0,52.0,2570.0,14250.15656,7.184210526315789,93.28021711098033
79.0,53.0,2570.0,14343.907589999999,7.2745098039215685,93.23307612757397
79.0,54.0,2570.0,14437.658619999998,7.363636363636363,93.40881033036942
79.0,55.0,2570.0,14531.409650000001,7.451612903225807,92.9485890133459
79.0,56.0,2570.0,14625.16068,7.538461538461538,93.24779101729615
79.0,57.0,2570.0,14718.911709999998,7.62420382165605,92.91497776910373
79.0,58.0,2570.0,14812.66274,7.708860759493671,92.98535656673508
79.0,59.0,2570.0,14906.413769999997,7.792452830188679,92.94697575912812
79.0,60.0,2570.0,15000.1648,7.875,92.6552357676733
79.0,61.0,2570.0,15093.915829999998,7.956521739130435,92.60173634699721
79.0,62.0,2570.0,15187.66686,8.037037037037036,92.43316944815402
79.0,63.0,2570.0,15281.417889999999,8.116564417177914,92.40977870313908
79.0,64.0,2570.0,15375.168920000002,8.195121951219512,92.15353644952191
79.0,65.0,2570.0,15468.91995,8.272727272727272,92.13938700263046
79.0,66.0,2570.0,15562.67098,8.349397590361447,92.39515157409846
79.0,67.0,2570.0,15656.422009999998,8.425149700598803,92.51965104495493
79.0,68.0,2570.0,15750.173040000001,8.5,92.253427108886
79.0,69.0,2570.0,15843.92407,8.57396449704142,92.28905295457659
79.0,70.0,2570.0,15937.675099999999,8.647058823529411,91.89614148087661
79.0,71.0,2570.0,16031.42613,8.719298245614034,92.16792166058566
79.0,72.0,2570.0,16125.177160000001,8.790697674418604,91.75008478213728
79.0,73.0,2570.0,16218.92819,8.861271676300579,91.97029269070771
79.0,74.0,2570.0,16312.67922,8.931034482758621,91.96235782398762
79.0,75.0,2570.0,16406.43025,9.0,91.96831804084572
79.0,76.0,2570.0,16500.18128,9.068181818181818,91.90309752803684
79.0,77.0,2570.0,16593.93231,9.135593220338983,91.64654755296894
79.0,78.0,2570.0,16687.68334,9.202247191011237,91.70843442003427
79.0,79.0,2570.0,16781.43437,9.268156424581004,91.51348216301722
79.0,80.0,2570.0,16875.185400000002,9.333333333333332,91.36582077982781
80.0,30.0,2600.0,12329.902000000002,4.846153846153847,95.01109664466622
80.0,31.0,2600.0,12424.7474,4.969465648854962,95.1334606241643
80.0,32.0,2600.0,12519.5928,5.090909090909091,94.9230752118465
80.0,33.0,2600.0,12614.4382,5.2105263157894735,94.60631502993469
80.0,34.0,2600.0,12709.2836,5.328358208955224,94.94885419886664
80.0,35.0,2600.0,12804.129,5.444444444444444,94.51432542295684
80.0,36.0,2600.0,12898.974399999997,5.5588235294117645,94.30722010755173
80.0,37.0,2600.0,12993.8198,5.671532846715328,94.74399134082836
80.0,38.0,2600.0,13088.6652,5.782608695652174,94.40881745186249
80.0,39.0,2600.0,13183.510600000001,5.892086330935252,94.049955339841
80.0,40.0,2600.0,13278.356,6.0,94.24439624081916
80.0,41.0,2600.0,13373.2014,6.106382978723404,94.30401158967904
80.0,42.0,2600.0,13468.046799999998,6.211267605633803,94.35936163150075
80.0,43.0,2600.0,13562.892199999998,6.314685314685314,94.23626286972318
80.0,44.0,2600.0,13657.737599999999,6.416666666666667,94.0107309722013
80.0,45.0,2600.0,13752.582999999999,6.517241379310345,94.01073385164658
80.0,46.0,2600.0,13847.4284,6.616438356164383,93.84750410084884
80.0,47.0,2600.0,13942.2738,6.714285714285714,93.71433483365806
80.0,48.0,2600.0,14037.1192,6.810810810810811,93.73692976984313
80.0,49.0,2600.0,14131.9646,6.906040268456376,93.36076686595031
80.0,50.0,2600.0,14226.81,7.0,93.48494649745136
80.0,51.0,2600.0,14321.6554,7.0927152317880795,93.2030865068906
80.0,52.0,2600.0,14416.5008,7.184210526315789,93.20814323117489
80.0,53.0,2600.0,14511.3462,7.2745098039215685,93.03375624269479
80.0,54.0,2600.0,14606.191599999998,7.363636363636363,93.07686016635559
80.0,55.0,2600.0,14701.037,7.451612903225807,92.98234990921564
80.0,56.0,2600.0,14795.8824,7.538461538461538,92.96212667275626
80.0,57.0,2600.0,14890.727799999999,7.62420382165605,92.77865636441827
80.0,58.0,2600.0,14985.5732,7.708860759493671,92.62851731448433
80.0,59.0,2600.0,15080.418599999997,7.792452830188679,92.47966498670748
80.0,60.0,2600.0,15175.264000000001,7.875,92.53839089449158
80.0,61.0,2600.0,15270.109399999998,7.956521739130435,92.8916920106255
80.0,62.0,2600.0,15364.9548,8.037037037037036,92.76344983333755
80.0,63.0,2600.0,15459.8002,8.116564417177914,92.3443531753894
80.0,64.0,2600.0,15554.645600000002,8.195121951219512,92.61456237571245
80.0,65.0,2600.0,15649.491,8.272727272727272,92.37152958334605
80.0,66.0,2600.0,15744.336400000002,8.349397590361447,92.29355636514302
80.0,67.0,2600.0,15839.181799999998,8.425149700598803,92.29188184996184
80.0,68.0,2600.0,15934.0272,8.5,92.09998357551945
80.0,69.0,2600.0,16028.872599999999,8.57396449704142,92.26410191897997
80.0,70.0,2600.0,16123.717999999999,8.647058823529411,92.13999744525724
80.0,71.0,2600.0,16218.563400000001,8.719298245614034,91.99845726892437
80.0,72.0,2600.0,16313.408800000001,8.790697674418604,91.8489439427325
80.0,73.0,2600.0,16408.2542,8.861271676300579,92.02097309311291
80.0,74.0,2600.0,16503.0996,8.931034482758621,92.15307989039844
80.0,75.0,2600.0,16597.945,9.0,91.82877080065832
80.0,76.0,2600.0,16692.790399999998,9.068181818181818,91.57674860722507
80.0,77.0,2600.0,16787.6358,9.135593220338983,91.57099996671948
80.0,78.0,2600.0,16882.4812,9.202247191011237,91.56138210293419
80.0,79.0,2600.0,16977.3266,9.268156424581004,91.32222633993008
80.0,80.0,2600.0,17072.172000000002,9.333333333333332,91.62028870469085
81.0,30.0,2630.0,12472.170100000001,4.846153846153847,95.08417391116234
81.0,31.0,2630.0,12568.10987,4.969465648854962,95.02158552291374
81.0,32.0,2630.0,12664.049640000001,5.090909090909091,94.59945038400677
81.0,33.0,2630.0,12759.98941,5.2105263157894735,94.66833804664299
81.0,34.0,2630.0,12855.929180000001,5.328358208955224,94.67347987290239
81.0,35.0,2630.0,12951.86895,5.444444444444444,94.51838982508988
81.0,36.0,2630.0,13047.808719999997,5.5588235294117645,94.46229513219423
81.0,37.0,2630.0,13143.74849,5.671532846715328,94.50084520623885
81.0,38.0,2630.0,13239.688259999999,5.782608695652174,94.44238074127425
81.0,39.0,2630.0,13335.628030000002,5.892086330935252,94.15484759892675
81.0,40.0,2630.0,13431.567799999999,6.0,94.04394452323938
81.0,41.0,2630.0,13527.50757,6.106382978723404,94.29877818859836
81.0,42.0,2630.0,13623.447339999999,6.211267605633803,94.11015660913418
81.0,43.0,2630.0,13719.387109999998,6.314685314685314,93.79765444826452
81.0,44.0,2630.0,13815.326879999999,6.416666666666667,94.02111699269399
81.0,45.0,2630.0,13911.266649999998,6.517241379310345,93.69216704555392
81.0,46.0,2630.0,14007.20642,6.616438356164383,93.26481977221458
81.0,47.0,2630.0,14103.14619,6.714285714285714,93.51465705047873
81.0,48.0,2630.0,14199.08596,6.810810810810811,93.28124696349207
81.0,49.0,2630.0,14295.02573,6.906040268456376,93.37683194805675
81.0,50.0,2630.0,14390.9655,7.0,93.49934019915291
81.0,51.0,2630.0,14486.90527,7.0927152317880795,93.36887307659752
81.0,52.0,2630.0,14582.84504,7.184210526315789,93.58109329412461
81.0,53.0,2630.0,14678.78481,7.2745098039215685,93.05425002801465
81.0,54.0,2630.0,14774.724579999998,7.363636363636363,93.13628474105222
81.0,55.0,2630.0,14870.664350000001,7.451612903225807,92.81256728319742
81.0,56.0,2630.0,14966.604120000002,7.538461538461538,93.09761662125348
81.0,57.0,2630.0,15062.543889999999,7.62420382165605,93.00173054390908
81.0,58.0,2630.0,15158.48366,7.708860759493671,92.48221770239506
81.0,59.0,2630.0,15254.423429999997,7.792452830188679,92.59767405755518
81.0,60.0,2630.0,15350.3632,7.875,92.78609892406695
81.0,61.0,2630.0,15446.302969999997,7.956521739130435,92.63515827148264
81.0,62.0,2630.0,15542.24274,8.037037037037036,92.60152561015862
81.0,63.0,2630.0,15638.182509999999,8.116564417177914,92.65265909052681
81.0,64.0,2630.0,15734.122280000001,8.195121951219512,92.63011478383986
81.0,65.0,2630.0,15830.062049999999,8.272727272727272,92.5696305465343
81.0,66.0,2630.0,15926.001820000001,8.349397590361447,92.27783133917428
81.0,67.0,2630.0,16021.941589999999,8.425149700598803,92.23849958740901
81.0,68.0,2630.0,16117.881360000001,8.5,92.35533868812053
81.0,69.0,2630.0,16213.821129999998,8.57396449704142,92.40451225025791
81.0,70.0,2630.0,16309.760899999997,8.647058823529411,92.16208134244545
81.0,71.0,2630.0,16405.700670000002,8.719298245614034,91.92832455859893
81.0,72.0,2630.0,16501.64044,8.790697674418604,92.00816159400466
81.0,73.0,2630.0,16597.58021,8.861271676300579,91.6103994970376
81.0,74.0,2630.0,16693.51998,8.931034482758621,91.89146259381435
81.0,75.0,2630.0,16789.459749999998,9.0,91.70314033297569
81.0,76.0,2630.0,16885.39952,9.068181818181818,91.71346072672425
81.0,77.0,2630.0,16981.33929,9.135593220338983,91.98150686160015
81.0,78.0,2630.0,17077.27906,9.202247191011237,91.4381339185305
81.0,79.0,2630.0,17173.218829999998,9.268156424581004,91.4988098530018
81.0,80.0,2630.0,17269.158600000002,9.333333333333332,91.49978693191412
82.0,30.0,2660.0,12614.4382,4.846153846153847,95.32176447675096
82.0,31.0,2660.0,12711.47234,4.969465648854962,94.99196753048211
82.0,32.0,2660.0,12808.50648,5.090909090909091,94.69508995049307
82.0,33.0,2660.0,12905.54062,5.2105263157894735,94.77572576908284
82.0,34.0,2660.0,13002.57476,5.328358208955224,94.60828980668855
82.0,35.0,2660.0,13099.608900000001,5.444444444444444,94.52586561936334
82.0,36.0,2660.0,13196.643039999997,5.5588235294117645,94.90712714625985
82.0,37.0,2660.0,13293.67718,5.671532846715328,94.49823644108055
82.0,38.0,2660.0,13390.71132,5.782608695652174,94.43587622054788
82.0,39.0,2660.0,13487.745460000002,5.892086330935252,94.38560349108545
82.0,40.0,2660.0,13584.7796,6.0,94.19352164142829
82.0,41.0,2660.0,13681.81374,6.106382978723404,94.10163268322924
82.0,42.0,2660.0,13778.84788,6.211267605633803,93.8326111698879
82.0,43.0,2660.0,13875.88202,6.314685314685314,93.97047516956643
82.0,44.0,2660.0,13972.916159999999,6.416666666666667,93.90510253298807
82.0,45.0,2660.0,14069.950299999999,6.517241379310345,93.3445640923337
82.0,46.0,2660.0,14166.98444,6.616438356164383,93.77558224718207
82.0,47.0,2660.0,14264.01858,6.714285714285714,93.55749318543072
82.0,48.0,2660.0,14361.05272,6.810810810810811,93.31775714241974
82.0,49.0,2660.0,14458.08686,6.906040268456376,93.48480833920343
82.0,50.0,2660.0,14555.121,7.0,93.56863867101652
82.0,51.0,2660.0,14652.155139999999,7.0927152317880795,93.41947929869134
82.0,52.0,2660.0,14749.189279999999,7.184210526315789,93.26212421885599
82.0,53.0,2660.0,14846.223419999998,7.2745098039215685,93.10468409939931
82.0,54.0,2660.0,14943.257559999998,7.363636363636363,93.28522556662215
82.0,55.0,2660.0,15040.291700000002,7.451612903225807,93.27926408035812
82.0,56.0,2660.0,15137.325840000001,7.538461538461538,92.98681454151932
82.0,57.0,2660.0,15234.359979999997,7.62420382165605,93.17912224183121
82.0,58.0,2660.0,15331.39412,7.708860759493671,92.64720656729656
82.0,59.0,2660.0,15428.428259999999,7.792452830188679,92.76720620063956
82.0,60.0,2660.0,15525.4624,7.875,92.60950080648028
82.0,61.0,2660.0,15622.496539999998,7.956521739130435,92.6170079658762
82.0,62.0,2660.0,15719.53068,8.037037037037036,92.6122159552406
82.0,63.0,2660.0,15816.56482,8.116564417177914,92.53397552442532
82.0,64.0,2660.0,15913.598960000001,8.195121951219512,92.48497357546711
82.0,65.0,2660.0,16010.6331,8.272727272727272,92.21332643708625
82.0,66.0,2660.0,16107.66724,8.349397590361447,92.04901710545808
82.0,67.0,2660.0,16204.701379999999,8.425149700598803,91.98273998126591
82.0,68.0,2660.0,16301.73552,8.5,91.99656084228161
82.0,69.0,2660.0,16398.769659999998,8.57396449704142,92.12851814421887
82.0,70.0,2660.0,16495.803799999998,8.647058823529411,92.19526087829317
82.0,71.0,2660.0,16592.83794,8.719298245614034,92.09286136099396
82.0,72.0,2660.0,16689.87208,8.790697674418604,92.07712578013553
82.0,73.0,2660.0,16786.90622,8.861271676300579,91.92804232601776
82.0,74.0,2660.0,16883.94036,8.931034482758621,92.03817379474815
82.0,75.0,2660.0,16980.9745,9.0,91.66437537910352
82.0,76.0,2660.0,17078.00864,9.068181818181818,91.88043499023085
82.0,77.0,2660.0,17175.04278,9.135593220338983,91.86094796210394
82.0,78.0,2660.0,17272.07692,9.202247191011237,91.87630718969939
82.0,79.0,2660.0,17369.11106,9.268156424581004,91.62614023294883
82.0,80.0,2660.0,17466.145200000003,9.333333333333332,91.77931985153545
83.0,30.0,2690.0,12756.706300000002,4.846153846153847,95.05745020850983
83.0,31.0,2690.0,12854.83481,4.969465648854962,94.97143124843895
83.0,32.0,2690.0,12952.96332,5.090909090909091,94.97953248497328
83.0,33.0,2690.0,13051.091830000001,5.2105263157894735,94.94788142489728
83.0,34.0,2690.0,13149.22034,5.328358208955224,94.75468732957572
83.0,35.0,2690.0,13247.34885,5.444444444444444,94.47107518467213
83.0,36.0,2690.0,13345.477359999997,5.5588235294117645,94.64195963194162
83.0,37.0,2690.0,13443.60587,5.671532846715328,94.49150393706998
83.0,38.0,2690.0,13541.73438,5.782608695652174,94.10152696864866
83.0,39.0,2690.0,13639.862890000002,5.892086330935252,94.41225264630512
83.0,40.0,2690.0,13737.991399999999,6.0,94.3544822465059
83.0,41.0,2690.0,13836.11991,6.106382978723404,94.24665293256103
83.0,42.0,2690.0,13934.248419999998,6.211267605633803,93.99661737653402
83.0,43.0,2690.0,14032.376929999999,6.314685314685314,93.9098153445052
83.0,44.0,2690.0,14130.505439999999,6.416666666666667,93.92950467420569
83.0,45.0,2690.0,14228.633949999998,6.517241379310345,93.86862221921074
83.0,46.0,2690.0,14326.76246,6.616438356164383,93.82041170972846
83.0,47.0,2690.0,14424.89097,6.714285714285714,93.3890517442239
83.0,48.0,2690.0,14523.01948,6.810810810810811,93.56149659255686
83.0,49.0,2690.0,14621.14799,6.906040268456376,93.5249349657425
83.0,50.0,2690.0,14719.2765,7.0,93.40544063463928
83.0,51.0,2690.0,14817.405009999999,7.0927152317880795,93.31472702541923
83.0,52.0,2690.0,14915.533519999999,7.184210526315789,93.3929248236756
83.0,53.0,2690.0,15013.66203,7.2745098039215685,93.3652218825475
83.0,54.0,2690.0,15111.790539999998,7.363636363636363,93.05262895953095
83.0,55.0,2690.0,15209.91905,7.451612903225807,92.78399983404779
83.0,56.0,2690.0,15308.04756,7.538461538461538,92.99837735373585
83.0,57.0,2690.0,15406.176069999998,7.62420382165605,93.05406923962394
83.0,58.0,2690.0,15504.30458,7.708860759493671,92.91009636281962
83.0,59.0,2690.0,15602.433089999999,7.792452830188679,92.63552498237127
83.0,60.0,2690.0,15700.5616,7.875,92.85319953256801
83.0,61.0,2690.0,15798.690109999998,7.956521739130435,92.74301453558179
83.0,62.0,2690.0,15896.81862,8.037037037037036,92.52710649570034
83.0,63.0,2690.0,15994.947129999999,8.116564417177914,92.46628596588828
83.0,64.0,2690.0,16093.075640000001,8.195121951219512,92.38625572932351
83.0,65.0,2690.0,16191.20415,8.272727272727272,92.35893970742168
83.0,66.0,2690.0,16289.332660000002,8.349397590361447,92.271069792838
83.0,67.0,2690.0,16387.46117,8.425149700598803,92.2802558247469
83.0,68.0,2690.0,16485.58968,8.5,92.10735514542705
83.0,69.0,2690.0,16583.71819,8.57396449704142,92.31569346041258
83.0,70.0,2690.0,16681.8467,8.647058823529411,92.11394186144376
83.0,71.0,2690.0,16779.97521,8.719298245614034,91.96533593436735
83.0,72.0,2690.0,16878.10372,8.790697674418604,91.99669211888278
83.0,73.0,2690.0,16976.23223,8.861271676300579,91.85207054847169
83.0,74.0,2690.0,17074.36074,8.931034482758621,91.968256726274
83.0,75.0,2690.0,17172.48925,9.0,91.59643554618596
83.0,76.0,2690.0,17270.61776,9.068181818181818,91.4668310812571
83.0,77.0,2690.0,17368.74627,9.135593220338983,91.63893956097374
83.0,78.0,2690.0,17466.87478,9.202247191011237,91.70960272687478
83.0,79.0,2690.0,17565.00329,9.268156424581004,91.66308323692458
83.0,80.0,2690.0,17663.131800000003,9.333333333333332,91.34373403109296
84.0,30.0,2720.0,12898.974400000001,4.846153846153847,94.93172108228093
84.0,31.0,2720.0,12998.19728,4.969465648854962,94.95615581722926
84.0,32.0,2720.0,13097.420160000001,5.090909090909091,94.88875388851608
84.0,33.0,2720.0,13196.64304,5.2105263157894735,94.80815650373509
84.0,34.0,2720.0,13295.86592,5.328358208955224,94.70880549738948
84.0,35.0,2720.0,13395.0888,5.444444444444444,94.66325395269975
84.0,36.0,2720.0,13494.311679999997,5.5588235294117645,94.33231883292805
84.0,37.0,2720.0,13593.53456,5.671532846715328,94.28436559339089
84.0,38.0,2720.0,13692.75744,5.782608695652174,94.22267871237017
84.0,39.0,2720.0,13791.980320000002,5.892086330935252,94.28460662284328
84.0,40.0,2720.0,13891.2032,6.0,94.00848408352894
84.0,41.0,2720.0,13990.42608,6.106382978723404,94.2639439444242
84.0,42.0,2720.0,14089.648959999999,6.211267605633803,94.09510615566404
84.0,43.0,2720.0,14188.871839999998,6.314685314685314,94.03375207895354
84.0,44.0,2720.0,14288.09472,6.416666666666667,93.67789865924661
84.0,45.0,2720.0,14387.317599999998,6.517241379310345,93.68540932139422
84.0,46.0,2720.0,14486.54048,6.616438356164383,93.6377130741439
84.0,47.0,2720.0,14585.76336,6.714285714285714,93.42353054361186
84.0,48.0,2720.0,14684.98624,6.810810810810811,93.26237955582685
84.0,49.0,2720.0,14784.20912,6.906040268456376,93.60377269680569
84.0,50.0,2720.0,14883.431999999999,7.0,93.46329281293767
84.0,51.0,2720.0,14982.65488,7.0927152317880795,93.31196503916354
84.0,52.0,2720.0,15081.87776,7.184210526315789,93.39920462031246
84.0,53.0,2720.0,15181.100639999999,7.2745098039215685,93.0877447467531
84.0,54.0,2720.0,15280.323519999998,7.363636363636363,92.75038938028982
84.0,55.0,2720.0,15379.546400000001,7.451612903225807,92.82528024284836
84.0,56.0,2720.0,15478.76928,7.538461538461538,92.91874588977375
84.0,57.0,2720.0,15577.992159999998,7.62420382165605,92.9390902990804
84.0,58.0,2720.0,15677.215040000001,7.708860759493671,92.71529389700835
84.0,59.0,2720.0,15776.437919999998,7.792452830188679,92.8476578750957
84.0,60.0,2720.0,15875.6608,7.875,92.702198890457
84.0,61.0,2720.0,15974.883679999997,7.956521739130435,92.76345493974966
84.0,62.0,2720.0,16074.10656,8.037037037037036,92.61456748621397
84.0,63.0,2720.0,16173.32944,8.116564417177914,92.91824810991784
84.0,64.0,2720.0,16272.552320000003,8.195121951219512,92.2292054578132
84.0,65.0,2720.0,16371.7752,8.272727272727272,92.1932159984334
84.0,66.0,2720.0,16470.99808,8.349397590361447,92.15946659575957
84.0,67.0,2720.0,16570.22096,8.425149700598803,92.4258397677905
84.0,68.0,2720.0,16669.44384,8.5,92.44912021188748
84.0,69.0,2720.0,16768.666719999997,8.57396449704142,92.14746390419671
84.0,70.0,2720.0,16867.8896,8.647058823529411,92.12957576350881
84.0,71.0,2720.0,16967.11248,8.719298245614034,92.14469408868212
84.0,72.0,2720.0,17066.33536,8.790697674418604,91.87228845534445
84.0,73.0,2720.0,17165.55824,8.861271676300579,91.9891271577627
84.0,74.0,2720.0,17264.78112,8.931034482758621,92.14473135915578
84.0,75.0,2720.0,17364.004,9.0,91.7088121123978
84.0,76.0,2720.0,17463.22688,9.068181818181818,91.66827543848879
84.0,77.0,2720.0,17562.44976,9.135593220338983,91.74967865360092
84.0,78.0,2720.0,17661.67264,9.202247191011237,91.63239184971786
84.0,79.0,2720.0,17760.89552,9.268156424581004,91.51762109147408
84.0,80.0,2720.0,17860.1184,9.333333333333332,91.18812234269683
85.0,30.0,2750.0,13041.2425,4.846153846153847,95.0762636774967
85.0,31.0,2750.0,13141.55975,4.969465648854962,95.13160866257977
85.0,32.0,2750.0,13241.877,5.090909090909091,94.9927759861594
85.0,33.0,2750.0,13342.19425,5.2105263157894735,94.69055152341633
85.0,34.0,2750.0,13442.5115,5.328358208955224,94.63602361802378
85.0,35.0,2750.0,13542.82875,5.444444444444444,94.8542196749857
85.0,36.0,2750.0,13643.145999999997,5.5588235294117645,94.37252839620828
85.0,37.0,2750.0,13743.46325,5.671532846715328,94.34307431452412
85.0,38.0,2750.0,13843.780499999999,5.782608695652174,94.56758591635521
85.0,39.0,2750.0,13944.097750000003,5.892086330935252,94.3134789170579
85.0,40.0,2750.0,14044.414999999999,6.0,94.09464927349478
85.0,41.0,2750.0,14144.73225,6.106382978723404,94.05902411610934
85.0,42.0,2750.0,14245.0495,6.211267605633803,94.19674485768314
85.0,43.0,2750.0,14345.36675,6.314685314685314,94.05156637520066
85.0,44.0,2750.0,14445.684,6.416666666666667,93.98550872100594
85.0,45.0,2750.0,14546.001249999998,6.517241379310345,93.58993355673609
85.0,46.0,2750.0,14646.318500000001,6.616438356164383,93.93327015400189
85.0,47.0,2750.0,14746.63575,6.714285714285714,93.53984767700739
85.0,48.0,2750.0,14846.953,6.810810810810811,93.33482731356085
85.0,49.0,2750.0,14947.27025,6.906040268456376,93.264998318304
85.0,50.0,2750.0,15047.5875,7.0,93.3452796448949
85.0,51.0,2750.0,15147.90475,7.0927152317880795,93.14504076235268
85.0,52.0,2750.0,15248.222,7.184210526315789,93.1696287860708
85.0,53.0,2750.0,15348.53925,7.2745098039215685,93.31103206268365
85.0,54.0,2750.0,15448.856499999998,7.363636363636363,92.92877177557746
85.0,55.0,2750.0,15549.173750000002,7.451612903225807,93.07270415834255
85.0,56.0,2750.0,15649.491000000002,7.538461538461538,92.75018662148942
85.0,57.0,2750.0,15749.808249999998,7.62420382165605,93.07002507990214
85.0,58.0,2750.0,15850.1255,7.708860759493671,92.6245489970129
85.0,59.0,2750.0,15950.442749999998,7.792452830188679,92.75668006452574
85.0,60.0,2750.0,16050.76,7.875,92.77293386908288
85.0,61.0,2750.0,16151.077249999997,7.956521739130435,92.51581167942243
85.0,62.0,2750.0,16251.3945,8.037037037037036,92.54034922811753
85.0,63.0,2750.0,16351.71175,8.116564417177914,92.45603896739226
85.0,64.0,2750.0,16452.029000000002,8.195121951219512,92.49191128018343
85.0,65.0,2750.0,16552.34625,8.272727272727272,92.69703310062779
85.0,66.0,2750.0,16652.663500000002,8.349397590361447,92.49503720923099
85.0,67.0,2750.0,16752.98075,8.425149700598803,92.30314341551949
85.0,68.0,2750.0,16853.298000000003,8.5,91.99562389045249
85.0,69.0,2750.0,16953.61525,8.57396449704142,92.02441275272086
85.0,70.0,2750.0,17053.9325,8.647058823529411,92.17671401743787
85.0,71.0,2750.0,17154.24975,8.719298245614034,92.08677912003257
85.0,72.0,2750.0,17254.567,8.790697674418604,91.81217883154552
85.0,73.0,2750.0,17354.88425,8.861271676300579,91.76176815203976
85.0,74.0,2750.0,17455.2015,8.931034482758621,91.77036433647773
85.0,75.0,2750.0,17555.51875,9.0,91.88692215019833
85.0,76.0,2750.0,17655.836,9.068181818181818,91.91021750810229
85.0,77.0,2750.0,17756.15325,9.135593220338983,91.79141721224481
85.0,78.0,2750.0,17856.4705,9.202247191011237,91.34850635455021
85.0,79.0,2750.0,17956.78775,9.268156424581004,91.56328761640505
85.0,80.0,2750.0,18057.105,9.333333333333332,91.63982842527123
86.0,30.0,2780.0,13183.510600000001,4.846153846153847,94.73531963805128
86.0,31.0,2780.0,13284.92222,4.969465648854962,94.76745248513255
86.0,32.0,2780.0,13386.333840000001,5.090909090909091,94.77753643391439
86.0,33.0,2780.0,13487.74546,5.2105263157894735,94.7484403337255
86.0,34.0,2780.0,13589.15708,5.328358208955224,94.65130584857279
86.0,35.0,2780.0,13690.5687,5.444444444444444,95.03075186733237
86.0,36.0,2780.0,13791.980319999997,5.5588235294117645,94.46228922672961
86.0,37.0,2780.0,13893.39194,5.671532846715328,94.54522887739002
86.0,38.0,2780.0,13994.80356,5.782608695652174,94.14216829921196
86.0,39.0,2780.0,14096.215180000001,5.892086330935252,94.23889374850755
86.0,40.0,2780.0,14197.6268,6.0,94.21299299755427
86.0,41.0,2780.0,14299.038419999999,6.106382978723404,93.89809033126893
86.0,42.0,2780.0,14400.450039999998,6.211267605633803,94.11203691278457
86.0,43.0,2780.0,14501.861659999999,6.314685314685314,93.89552213912782
86.0,44.0,2780.0,14603.273279999998,6.416666666666667,93.81087329180848
86.0,45.0,2780.0,14704.684899999998,6.517241379310345,93.5824481442115
86.0,46.0,2780.0,14806.096520000001,6.616438356164383,93.70308855140763
86.0,47.0,2780.0,14907.50814,6.714285714285714,93.46501599168012
86.0,48.0,2780.0,15008.91976,6.810810810810811,93.61919471437221
86.0,49.0,2780.0,15110.33138,6.906040268456376,93.39859104804104
86.0,50.0,2780.0,15211.743,7.0,93.13209439107723
86.0,51.0,2780.0,15313.15462,7.0927152317880795,93.24682167051867
86.0,52.0,2780.0,15414.56624,7.184210526315789,93.66308824186686
86.0,53.0,2780.0,15515.977859999999,7.2745098039215685,93.11060121727256
86.0,54.0,2780.0,15617.389479999998,7.363636363636363,92.8641284353708
86.0,55.0,2780.0,15718.8011,7.451612903225807,92.85023639389752
86.0,56.0,2780.0,15820.212720000001,7.538461538461538,93.0871291976162
86.0,57.0,2780.0,15921.624339999998,7.62420382165605,92.78224502072199
86.0,58.0,2780.0,16023.035960000001,7.708860759493671,92.87044148838518
86.0,59.0,2780.0,16124.447579999998,7.792452830188679,92.93423439129221
86.0,60.0,2780.0,16225.8592,7.875,92.7485077685939
86.0,61.0,2780.0,16327.270819999998,7.956521739130435,92.72236590405763
86.0,62.0,2780.0,16428.68244,8.037037037037036,92.34399113093619
86.0,63.0,2780.0,16530.09406,8.116564417177914,92.54628420466128
86.0,64.0,2780.0,16631.505680000002,8.195121951219512,92.44770482134962
86.0,65.0,2780.0,16732.917299999997,8.272727272727272,92.37725776969671
86.0,66.0,2780.0,16834.32892,8.349397590361447,92.3522213620121
86.0,67.0,2780.0,16935.74054,8.425149700598803,92.4359162794023
86.0,68.0,2780.0,17037.15216,8.5,92.20976264732077
86.0,69.0,2780.0,17138.563779999997,8.57396449704142,91.91602862071021
86.0,70.0,2780.0,17239.9754,8.647058823529411,92.10891951353187
86.0,71.0,2780.0,17341.387020000002,8.719298245614034,91.95036579940788
86.0,72.0,2780.0,17442.79864,8.790697674418604,92.14043318480775
86.0,73.0,2780.0,17544.21026,8.861271676300579,91.71005531312254
86.0,74.0,2780.0,17645.62188,8.931034482758621,91.75079072429834
86.0,75.0,2780.0,17747.0335,9.0,91.65401822515108
86.0,76.0,2780.0,17848.44512,9.068181818181818,91.72234841970622
86.0,77.0,2780.0,17949.85674,9.135593220338983,91.76437626542179
86.0,78.0,2780.0,18051.26836,9.202247191011237,91.71981056298453
86.0,79.0,2780.0,18152.679979999997,9.268156424581004,91.64250326259196
86.0,80.0,2780.0,18254.0916,9.333333333333332,91.36277552113702
87.0,30.0,2810.0,13325.7787,4.846153846153847,94.88527213079904
87.0,31.0,2810.0,13428.28469,4.969465648854962,94.93955192036634
87.0,32.0,2810.0,13530.79068,5.090909090909091,94.7919964700379
87.0,33.0,2810.0,13633.29667,5.2105263157894735,95.05519654997312
87.0,34.0,2810.0,13735.802660000001,5.328358208955224,94.74165384224291
87.0,35.0,2810.0,13838.30865,5.444444444444444,94.57364369122125
87.0,36.0,2810.0,13940.814639999997,5.5588235294117645,94.52981948910255
87.0,37.0,2810.0,14043.32063,5.671532846715328,94.45590130872563
87.0,38.0,2810.0,14145.82662,5.782608695652174,94.36403299528868
87.0,39.0,2810.0,14248.332610000001,5.892086330935252,94.47197601247669
87.0,40.0,2810.0,14350.8386,6.0,94.146941509581
87.0,41.0,2810.0,14453.344589999999,6.106382978723404,94.16245690081605
87.0,42.0,2810.0,14555.850579999998,6.211267605633803,93.66889432543317
87.0,43.0,2810.0,14658.356569999998,6.314685314685314,94.25595086423104
87.0,44.0,2810.0,14760.862559999998,6.416666666666667,93.75424880415532
87.0,45.0,2810.0,14863.368549999997,6.517241379310345,93.72990976963374
87.0,46.0,2810.0,14965.87454,6.616438356164383,93.77983190077906
87.0,47.0,2810.0,15068.38053,6.714285714285714,93.62833891176108
87.0,48.0,2810.0,15170.88652,6.810810810810811,93.542446712963
87.0,49.0,2810.0,15273.39251,6.906040268456376,93.2822470387287
87.0,50.0,2810.0,15375.8985,7.0,93.32768457162888
87.0,51.0,2810.0,15478.404489999999,7.0927152317880795,93.07040551802183
87.0,52.0,2810.0,15580.910479999999,7.184210526315789,93.46843015105574
87.0,53.0,2810.0,15683.416469999998,7.2745098039215685,93.24078389905556
87.0,54.0,2810.0,15785.922459999998,7.363636363636363,93.09721916889495
87.0,55.0,2810.0,15888.428450000001,7.451612903225807,93.02033155257385
87.0,56.0,2810.0,15990.93444,7.538461538461538,93.2005115584264
87.0,57.0,2810.0,16093.440429999999,7.62420382165605,92.92535465694704
87.0,58.0,2810.0,16195.94642,7.708860759493671,92.70043629062772
87.0,59.0,2810.0,16298.452409999998,7.792452830188679,92.71489586828895
87.0,60.0,2810.0,16400.9584,7.875,92.79852840753321
87.0,61.0,2810.0,16503.464389999997,7.956521739130435,92.69520915948618
87.0,62.0,2810.0,16605.97038,8.037037037037036,92.52511246914783
87.0,63.0,2810.0,16708.47637,8.116564417177914,92.60023163455004
87.0,64.0,2810.0,16810.98236,8.195121951219512,92.35071010268759
87.0,65.0,2810.0,16913.48835,8.272727272727272,92.45208969127539
87.0,66.0,2810.0,17015.99434,8.349397590361447,92.49793711690273
87.0,67.0,2810.0,17118.50033,8.425149700598803,92.26223552714532
87.0,68.0,2810.0,17221.00632,8.5,92.16003237472798
87.0,69.0,2810.0,17323.51231,8.57396449704142,92.15371902934271
87.0,70.0,2810.0,17426.0183,8.647058823529411,92.14638670397444
87.0,71.0,2810.0,17528.52429,8.719298245614034,92.0691871786308
87.0,72.0,2810.0,17631.03028,8.790697674418604,91.79010804857862
87.0,73.0,2810.0,17733.53627,8.861271676300579,92.11631831126834
87.0,74.0,2810.0,17836.04226,8.931034482758621,91.71778001450768
87.0,75.0,2810.0,17938.54825,9.0,91.88148464046344
87.0,76.0,2810.0,18041.054239999998,9.068181818181818,91.67304449829857
87.0,77.0,2810.0,18143.56023,9.135593220338983,91.58886244987654
87.0,78.0,2810.0,18246.06622,9.202247191011237,91.79377830157988
87.0,79.0,2810.0,18348.57221,9.268156424581004,91.8247967268218
87.0,80.0,2810.0,18451.0782,9.333333333333332,91.65077648528785
88.0,30.0,2840.0,13468.046800000002,4.846153846153847,95.23160685657079
88.0,31.0,2840.0,13571.64716,4.969465648854962,94.78299748105528
88.0,32.0,2840.0,13675.24752,5.090909090909091,95.06325480200427
88.0,33.0,2840.0,13778.847880000001,5.2105263157894735,94.97971040999482
88.0,34.0,2840.0,13882.44824,5.328358208955224,94.70470130284544
88.0,35.0,2840.0,13986.0486,5.444444444444444,94.6247838633333
88.0,36.0,2840.0,14089.648959999997,5.5588235294117645,94.40782190215073
88.0,37.0,2840.0,14193.249319999999,5.671532846715328,94.72602116716277
88.0,38.0,2840.0,14296.84968,5.782608695652174,94.05306734624251
88.0,39.0,2840.0,14400.450040000002,5.892086330935252,94.27902622056776
88.0,40.0,2840.0,14504.0504,6.0,94.54405212016759
88.0,41.0,2840.0,14607.650759999999,6.106382978723404,94.10715068157195
88.0,42.0,2840.0,14711.251119999999,6.211267605633803,93.93474673195787
88.0,43.0,2840.0,14814.85148,6.314685314685314,93.83643364713069
88.0,44.0,2840.0,14918.451839999998,6.416666666666667,93.72737090975953
88.0,45.0,2840.0,15022.052199999998,6.517241379310345,93.8349853085372
88.0,46.0,2840.0,15125.65256,6.616438356164383,93.93136328198554
88.0,47.0,2840.0,15229.25292,6.714285714285714,93.73306703476072
88.0,48.0,2840.0,15332.85328,6.810810810810811,93.23581755626917
88.0,49.0,2840.0,15436.45364,6.906040268456376,93.80727921012114
88.0,50.0,2840.0,15540.054,7.0,93.36306633539094
88.0,51.0,2840.0,15643.654359999999,7.0927152317880795,93.49639323257975
88.0,52.0,2840.0,15747.254719999999,7.184210526315789,93.19258709632625
88.0,53.0,2840.0,15850.85508,7.2745098039215685,93.07345367632847
88.0,54.0,2840.0,15954.45544,7.363636363636363,93.21909669219566
88.0,55.0,2840.0,16058.055800000002,7.451612903225807,92.8785947971204
88.0,56.0,2840.0,16161.65616,7.538461538461538,93.02056037272673
88.0,57.0,2840.0,16265.256519999999,7.62420382165605,93.05866636972563
88.0,58.0,2840.0,16368.856880000001,7.708860759493671,92.76014891585066
88.0,59.0,2840.0,16472.457239999996,7.792452830188679,92.99000927335861
88.0,60.0,2840.0,16576.0576,7.875,92.54328086789508
88.0,61.0,2840.0,16679.657959999997,7.956521739130435,92.47165462273097
88.0,62.0,2840.0,16783.25832,8.037037037037036,92.65643134367839
88.0,63.0,2840.0,16886.85868,8.116564417177914,92.6918392744672
88.0,64.0,2840.0,16990.45904,8.195121951219512,92.41087339358361
88.0,65.0,2840.0,17094.0594,8.272727272727272,92.22115226759745
88.0,66.0,2840.0,17197.659760000002,8.349397590361447,92.70039917800965
88.0,67.0,2840.0,17301.26012,8.425149700598803,92.18272204709558
88.0,68.0,2840.0,17404.86048,8.5,92.15285821863567
88.0,69.0,2840.0,17508.46084,8.57396449704142,92.2345717588263
88.0,70.0,2840.0,17612.061199999996,8.647058823529411,92.06759182073266
88.0,71.0,2840.0,17715.66156,8.719298245614034,92.14734940398557
88.0,72.0,2840.0,17819.26192,8.790697674418604,92.24480779689827
88.0,73.0,2840.0,17922.86228,8.861271676300579,91.90073936455437
88.0,74.0,2840.0,18026.46264,8.931034482758621,92.05991069013753
88.0,75.0,2840.0,18130.063,9.0,91.791433196058
88.0,76.0,2840.0,18233.66336,9.068181818181818,91.8768510082639
88.0,77.0,2840.0,18337.26372,9.135593220338983,91.54772373739418
88.0,78.0,2840.0,18440.86408,9.202247191011237,91.62808102278098
88.0,79.0,2840.0,18544.46444,9.268156424581004,91.35378886117519
88.0,80.0,2840.0,18648.0648,9.333333333333332,91.34613438457629
89.0,30.0,2870.0,13610.314900000001,4.846153846153847,95.27747656018377
89.0,31.0,2870.0,13715.00963,4.969465648854962,94.86769345883559
89.0,32.0,2870.0,13819.704360000002,5.090909090909091,94.88494614809008
89.0,33.0,2870.0,13924.39909,5.2105263157894735,94.81750593467508
89.0,34.0,2870.0,14029.09382,5.328358208955224,94.73228635911535
89.0,35.0,2870.0,14133.78855,5.444444444444444,94.64489603287778
89.0,36.0,2870.0,14238.483279999997,5.5588235294117645,94.40457258959144
89.0,37.0,2870.0,14343.17801,5.671532846715328,94.43418533354077
89.0,38.0,2870.0,14447.872739999999,5.782608695652174,94.40846662706609
89.0,39.0,2870.0,14552.567470000002,5.892086330935252,94.49175939321356
89.0,40.0,2870.0,14657.2622,6.0,94.37725051021461
89.0,41.0,2870.0,14761.956929999998,6.106382978723404,93.86921982408442
89.0,42.0,2870.0,14866.65166,6.211267605633803,94.01417449217135
89.0,43.0,2870.0,14971.346389999999,6.314685314685314,93.86317085486723
89.0,44.0,2870.0,15076.041119999998,6.416666666666667,93.90656558273649
89.0,45.0,2870.0,15180.735849999997,6.517241379310345,93.8409115166401
89.0,46.0,2870.0,15285.43058,6.616438356164383,93.51293578386488
89.0,47.0,2870.0,15390.12531,6.714285714285714,93.63259155898601
89.0,48.0,2870.0,15494.82004,6.810810810810811,93.51427184096214
89.0,49.0,2870.0,15599.51477,6.906040268456376,93.71578821314942
89.0,50.0,2870.0,15704.209499999999,7.0,93.4094643927583
89.0,51.0,2870.0,15808.90423,7.0927152317880795,93.21056203971587
89.0,52.0,2870.0,15913.59896,7.184210526315789,93.06801091058955
89.0,53.0,2870.0,16018.293689999999,7.2745098039215685,93.37681974262874
89.0,54.0,2870.0,16122.98842,7.363636363636363,92.91919151523317
89.0,55.0,2870.0,16227.68315,7.451612903225807,93.04496784919974
89.0,56.0,2870.0,16332.377880000002,7.538461538461538,93.13299230008768
89.0,57.0,2870.0,16437.07261,7.62420382165605,92.83992664575467
89.0,58.0,2870.0,16541.767340000002,7.708860759493671,92.78701288468345
89.0,59.0,2870.0,16646.462069999998,7.792452830188679,93.0236764186449
89.0,60.0,2870.0,16751.1568,7.875,92.62456938448875
89.0,61.0,2870.0,16855.851529999996,7.956521739130435,92.5710422218576
89.0,62.0,2870.0,16960.54626,8.037037037037036,92.64636345179376
89.0,63.0,2870.0,17065.24099,8.116564417177914,92.56009823589217
89.0,64.0,2870.0,17169.93572,8.195121951219512,92.5552670952746
89.0,65.0,2870.0,17274.63045,8.272727272727272,92.67097204625696
89.0,66.0,2870.0,17379.32518,8.349397590361447,92.08666538402316
89.0,67.0,2870.0,17484.01991,8.425149700598803,92.34347167448709
89.0,68.0,2870.0,17588.714640000002,8.5,91.97153488274651
89.0,69.0,2870.0,17693.409369999998,8.57396449704142,92.17316971668596
89.0,70.0,2870.0,17798.104099999997,8.647058823529411,91.89671408333903
89.0,71.0,2870.0,17902.79883,8.719298245614034,92.14852186294657
89.0,72.0,2870.0,18007.49356,8.790697674418604,92.01905014628511
89.0,73.0,2870.0,18112.18829,8.861271676300579,91.84622442078262
89.0,74.0,2870.0,18216.88302,8.931034482758621,91.82892602558758
89.0,75.0,2870.0,18321.57775,9.0,91.91190799516022
89.0,76.0,2870.0,18426.27248,9.068181818181818,91.89459611428897
89.0,77.0,2870.0,18530.96721,9.135593220338983,91.82163951599115
89.0,78.0,2870.0,18635.661939999998,9.202247191011237,91.3852932590687
89.0,79.0,2870.0,18740.356669999997,9.268156424581004,91.84537123471729
89.0,80.0,2870.0,18845.0514,9.333333333333332,91.5929074607495
90.0,30.0,2900.0,13752.583,4.846153846153847,95.09391206800255
90.0,31.0,2900.0,13858.3721,4.969465648854962,94.98894833441514
90.0,32.0,2900.0,13964.1612,5.090909090909091,94.78760422423102
90.0,33.0,2900.0,14069.9503,5.2105263157894735,94.71040056319518
90.0,34.0,2900.0,14175.7394,5.328358208955224,94.5732049154236
90.0,35.0,2900.0,14281.5285,5.444444444444444,94.84727874717994
90.0,36.0,2900.0,14387.317599999997,5.5588235294117645,94.57196085596665
90.0,37.0,2900.0,14493.1067,5.671532846715328,94.51201611648403
90.0,38.0,2900.0,14598.8958,5.782608695652174,94.4381345796713
90.0,39.0,2900.0,14704.684900000002,5.892086330935252,94.64036227149656
90.0,40.0,2900.0,14810.473999999998,6.0,94.02257992308347
90.0,41.0,2900.0,14916.263099999998,6.106382978723404,94.42320983051488
90.0,42.0,2900.0,15022.052199999998,6.211267605633803,94.17264255156654
90.0,43.0,2900.0,15127.841299999998,6.314685314685314,93.84987843417939
90.0,44.0,2900.0,15233.630399999998,6.416666666666667,93.77874372992179
90.0,45.0,2900.0,15339.419499999998,6.517241379310345,93.88556253401906
90.0,46.0,2900.0,15445.2086,6.616438356164383,93.51184400210379
90.0,47.0,2900.0,15550.9977,6.714285714285714,93.67924000293662
90.0,48.0,2900.0,15656.7868,6.810810810810811,93.21106144134144
90.0,49.0,2900.0,15762.5759,6.906040268456376,93.58881286743363
90.0,50.0,2900.0,15868.365,7.0,93.20158337297552
90.0,51.0,2900.0,15974.1541,7.0927152317880795,93.40077406818611
90.0,52.0,2900.0,16079.9432,7.184210526315789,93.49556764646819
90.0,53.0,2900.0,16185.7323,7.2745098039215685,93.12438623591324
90.0,54.0,2900.0,16291.5214,7.363636363636363,93.05101270743023
90.0,55.0,2900.0,16397.3105,7.451612903225807,93.16244664169169
90.0,56.0,2900.0,16503.0996,7.538461538461538,93.14111833738859
90.0,57.0,2900.0,16608.8887,7.62420382165605,92.88996652705896
90.0,58.0,2900.0,16714.6778,7.708860759493671,92.88466170834704
90.0,59.0,2900.0,16820.4669,7.792452830188679,92.48245927553651
90.0,60.0,2900.0,16926.256,7.875,92.53566050572157
90.0,61.0,2900.0,17032.045099999996,7.956521739130435,92.61836758158573
90.0,62.0,2900.0,17137.8342,8.037037037037036,92.34621536846595
90.0,63.0,2900.0,17243.6233,8.116564417177914,92.48658843037013
90.0,64.0,2900.0,17349.4124,8.195121951219512,92.63052751974364
90.0,65.0,2900.0,17455.2015,8.272727272727272,92.39178753761753
90.0,66.0,2900.0,17560.9906,8.349397590361447,92.41630530212322
90.0,67.0,2900.0,17666.7797,8.425149700598803,92.11256321298563
90.0,68.0,2900.0,17772.5688,8.5,92.08074538761038
90.0,69.0,2900.0,17878.3579,8.57396449704142,91.92652287371922
90.0,70.0,2900.0,17984.146999999997,8.647058823529411,92.03987625036977
90.0,71.0,2900.0,18089.9361,8.719298245614034,91.91830163819593
90.0,72.0,2900.0,18195.7252,8.790697674418604,91.89828014029389
90.0,73.0,2900.0,18301.5143,8.861271676300579,91.84347531571242
90.0,74.0,2900.0,18407.3034,8.931034482758621,92.14108701756808
90.0,75.0,2900.0,18513.0925,9.0,91.8839540279876
90.0,76.0,2900.0,18618.8816,9.068181818181818,91.99700582739968
90.0,77.0,2900.0,18724.6707,9.135593220338983,91.63886329172341
90.0,78.0,2900.0,18830.4598,9.202247191011237,91.68571228352651
90.0,79.0,2900.0,18936.2489,9.268156424581004,91.26903197384432
90.0,80.0,2900.0,19042.038,9.333333333333332,91.6010502521593
91.0,30.0,2930.0,13894.851100000002,4.846153846153847,95.24028978684417
91.0,31.0,2930.0,14001.73457,4.969465648854962,95.10722437016894
91.0,32.0,2930.0,14108.618040000001,5.090909090909091,94.9004969971452
91.0,33.0,2930.0,14215.50151,5.2105263157894735,94.92639018665973
91.0,34.0,2930.0,14322.38498,5.328358208955224,94.8039257890486
91.0,35.0,2930.0,14429.26845,5.444444444444444,94.73509336974763
91.0,36.0,2930.0,14536.151919999997,5.5588235294117645,94.60797449758562
91.0,37.0,2930.0,14643.03539,5.671532846715328,94.36635674044366
91.0,38.0,2930.0,14749.91886,5.782608695652174,94.48826925740721
91.0,39.0,2930.0,14856.802330000002,5.892086330935252,94.54885169102182
91.0,40.0,2930.0,14963.6858,6.0,94.2057210517084
91.0,41.0,2930.0,15070.569269999998,6.106382978723404,94.05323973288958
91.0,42.0,2930.0,15177.452739999999,6.211267605633803,94.08365298339929
91.0,43.0,2930.0,15284.336209999998,6.314685314685314,93.96880456301817
91.0,44.0,2930.0,15391.219679999998,6.416666666666667,93.98198159561474
91.0,45.0,2930.0,15498.103149999999,6.517241379310345,93.97547674532132
91.0,46.0,2930.0,15604.98662,6.616438356164383,93.69330006455735
91.0,47.0,2930.0,15711.87009,6.714285714285714,93.70638528568709
91.0,48.0,2930.0,15818.75356,6.810810810810811,93.53586511207331
91.0,49.0,2930.0,15925.63703,6.906040268456376,93.82527069859046
91.0,50.0,2930.0,16032.5205,7.0,93.15106743568077
91.0,51.0,2930.0,16139.40397,7.0927152317880795,93.43751516120396
91.0,52.0,2930.0,16246.28744,7.184210526315789,92.93454920398061
91.0,53.0,2930.0,16353.170909999999,7.2745098039215685,93.10257158877845
91.0,54.0,2930.0,16460.054379999998,7.363636363636363,93.2318195357011
91.0,55.0,2930.0,16566.937850000002,7.451612903225807,92.88863184585605
91.0,56.0,2930.0,16673.821320000003,7.538461538461538,93.13564475781119
91.0,57.0,2930.0,16780.70479,7.62420382165605,93.00975324037343
91.0,58.0,2930.0,16887.58826,7.708860759493671,92.80826258484151
91.0,59.0,2930.0,16994.471729999997,7.792452830188679,92.98056626439504
91.0,60.0,2930.0,17101.3552,7.875,92.74913773740205
91.0,61.0,2930.0,17208.23867,7.956521739130435,92.45056971677636
91.0,62.0,2930.0,17315.12214,8.037037037037036,92.66213461323312
91.0,63.0,2930.0,17422.00561,8.116564417177914,92.27377736273121
91.0,64.0,2930.0,17528.88908,8.195121951219512,92.54706740476841
91.0,65.0,2930.0,17635.772549999998,8.272727272727272,92.34557271016988
91.0,66.0,2930.0,17742.656020000002,8.349397590361447,92.43685417987066
91.0,67.0,2930.0,17849.53949,8.425149700598803,92.22443896786274
91.0,68.0,2930.0,17956.42296,8.5,92.08754328514878
91.0,69.0,2930.0,18063.306429999997,8.57396449704142,92.08408958872009
91.0,70.0,2930.0,18170.189899999998,8.647058823529411,92.1440152270813
91.0,71.0,2930.0,18277.073370000002,8.719298245614034,91.93786761477645
91.0,72.0,2930.0,18383.95684,8.790697674418604,92.10005851968373
91.0,73.0,2930.0,18490.84031,8.861271676300579,91.80368797884627
91.0,74.0,2930.0,18597.72378,8.931034482758621,91.69401485572793
91.0,75.0,2930.0,18704.60725,9.0,91.86347458008835
91.0,76.0,2930.0,18811.490719999998,9.068181818181818,91.46730471950055
91.0,77.0,2930.0,18918.37419,9.135593220338983,91.73384412973078
91.0,78.0,2930.0,19025.25766,9.202247191011237,91.72039629933575
91.0,79.0,2930.0,19132.14113,9.268156424581004,91.69735249782033
91.0,80.0,2930.0,19239.0246,9.333333333333332,91.62704873821487
92.0,30.0,2960.0,14037.119200000001,4.846153846153847,94.96859519031415
92.0,31.0,2960.0,14145.09704,4.969465648854962,95.25147255998627
92.0,32.0,2960.0,14253.07488,5.090909090909091,94.73730657511501
92.0,33.0,2960.0,14361.052720000002,5.2105263157894735,94.76415368606551
92.0,34.0,2960.0,14469.030560000001,5.328358208955224,94.52506230246937
92.0,35.0,2960.0,14577.0084,5.444444444444444,94.78577452471472
92.0,36.0,2960.0,14684.986239999997,5.5588235294117645,94.52065228277769
92.0,37.0,2960.0,14792.96408,5.671532846715328,94.49459751374741
92.0,38.0,2960.0,14900.94192,5.782608695652174,94.41232080502223
92.0,39.0,2960.0,15008.919760000002,5.892086330935252,94.4624256702762
92.0,40.0,2960.0,15116.897599999998,6.0,94.17385550761347
92.0,41.0,2960.0,15224.87544,6.106382978723404,94.14464035557505
92.0,42.0,2960.0,15332.85328,6.211267605633803,94.13859283081752
92.0,43.0,2960.0,15440.831119999999,6.314685314685314,93.95466795125667
92.0,44.0,2960.0,15548.808959999998,6.416666666666667,93.9801533612438
92.0,45.0,2960.0,15656.786799999998,6.517241379310345,93.84233974954458
92.0,46.0,2960.0,15764.764640000001,6.616438356164383,93.81863783542398
92.0,47.0,2960.0,15872.74248,6.714285714285714,93.63683562974148
92.0,48.0,2960.0,15980.72032,6.810810810810811,93.82296995240304
92.0,49.0,2960.0,16088.69816,6.906040268456376,93.40995765833287
92.0,50.0,2960.0,16196.676,7.0,93.43221002225388
92.0,51.0,2960.0,16304.653839999999,7.0927152317880795,93.28403730368554
92.0,52.0,2960.0,16412.63168,7.184210526315789,92.96092047739361
92.0,53.0,2960.0,16520.609519999998,7.2745098039215685,93.24016758191594
92.0,54.0,2960.0,16628.587359999998,7.363636363636363,93.1142158163747
92.0,55.0,2960.0,16736.5652,7.451612903225807,92.9433812447939
92.0,56.0,2960.0,16844.54304,7.538461538461538,93.15358272575492
92.0,57.0,2960.0,16952.520879999996,7.62420382165605,92.8954472414947
92.0,58.0,2960.0,17060.49872,7.708860759493671,92.61578052430626
92.0,59.0,2960.0,17168.47656,7.792452830188679,92.74120691776658
92.0,60.0,2960.0,17276.4544,7.875,92.63293300466675
92.0,61.0,2960.0,17384.43224,7.956521739130435,92.71382440619087
92.0,62.0,2960.0,17492.41008,8.037037037037036,92.61436843227554
92.0,63.0,2960.0,17600.38792,8.116564417177914,92.45833608794176
92.0,64.0,2960.0,17708.36576,8.195121951219512,92.31677257562284
92.0,65.0,2960.0,17816.3436,8.272727272727272,92.3511209646848
92.0,66.0,2960.0,17924.32144,8.349397590361447,91.96971793443628
92.0,67.0,2960.0,18032.29928,8.425149700598803,92.46268214492487
92.0,68.0,2960.0,18140.277120000002,8.5,92.16824833657236
92.0,69.0,2960.0,18248.25496,8.57396449704142,92.14331789949429
92.0,70.0,2960.0,18356.232799999998,8.647058823529411,92.03568330174593
92.0,71.0,2960.0,18464.21064,8.719298245614034,92.03920703553013
92.0,72.0,2960.0,18572.18848,8.790697674418604,91.71924880183569
92.0,73.0,2960.0,18680.16632,8.861271676300579,91.99483556397894
92.0,74.0,2960.0,18788.14416,8.931034482758621,91.63189167457551
92.0,75.0,2960.0,18896.122,9.0,91.93864513854854
92.0,76.0,2960.0,19004.09984,9.068181818181818,91.7096981505551
92.0,77.0,2960.0,19112.07768,9.135593220338983,91.89008921715181
92.0,78.0,2960.0,19220.055519999998,9.202247191011237,91.54922341516938
92.0,79.0,2960.0,19328.033359999998,9.268156424581004,91.61066192427782
92.0,80.0,2960.0,19436.0112,9.333333333333332,91.4752481272938
93.0,30.0,2990.0,14179.387300000002,4.846153846153847,95.31152783609834
93.0,31.0,2990.0,14288.45951,4.969465648854962,94.78824078199366
93.0,32.0,2990.0,14397.53172,5.090909090909091,95.0316211753585
93.0,33.0,2990.0,14506.603930000001,5.2105263157894735,95.03850295064028
93.0,34.0,2990.0,14615.67614,5.328358208955224,94.6170788063422
93.0,35.0,2990.0,14724.74835,5.444444444444444,94.69141735365912
93.0,36.0,2990.0,14833.820559999996,5.5588235294117645,94.40048151572859
93.0,37.0,2990.0,14942.89277,5.671532846715328,94.55728142382485
93.0,38.0,2990.0,15051.964979999999,5.782608695652174,94.44076792727088
93.0,39.0,2990.0,15161.037190000003,5.892086330935252,94.24927687320935
93.0,40.0,2990.0,15270.1094,6.0,94.10766365591066
93.0,41.0,2990.0,15379.18161,6.106382978723404,94.1331880314903
93.0,42.0,2990.0,15488.253819999998,6.211267605633803,93.94046193549661
93.0,43.0,2990.0,15597.326029999998,6.314685314685314,94.04918738450293
93.0,44.0,2990.0,15706.398239999999,6.416666666666667,93.94965226123315
93.0,45.0,2990.0,15815.470449999999,6.517241379310345,93.95797638139504
93.0,46.0,2990.0,15924.542660000001,6.616438356164383,93.69488526481958
93.0,47.0,2990.0,16033.61487,6.714285714285714,93.63827792602046
93.0,48.0,2990.0,16142.68708,6.810810810810811,93.69881420897322
93.0,49.0,2990.0,16251.75929,6.906040268456376,93.72645322594597
93.0,50.0,2990.0,16360.8315,7.0,93.37905358587805
93.0,51.0,2990.0,16469.90371,7.0927152317880795,92.98020920263458
93.0,52.0,2990.0,16578.97592,7.184210526315789,93.60148396094706
93.0,53.0,2990.0,16688.04813,7.2745098039215685,93.25274544902075
93.0,54.0,2990.0,16797.120339999998,7.363636363636363,92.88430782593582
93.0,55.0,2990.0,16906.19255,7.451612903225807,93.17811852354355
93.0,56.0,2990.0,17015.264760000002,7.538461538461538,92.9531500871846
93.0,57.0,2990.0,17124.336969999997,7.62420382165605,93.0668764340293
93.0,58.0,2990.0,17233.409180000002,7.708860759493671,92.82132111145535
93.0,59.0,2990.0,17342.481389999997,7.792452830188679,92.76541003998659
93.0,60.0,2990.0,17451.5536,7.875,92.71564665870324
93.0,61.0,2990.0,17560.625809999998,7.956521739130435,92.64793691181686
93.0,62.0,2990.0,17669.69802,8.037037037037036,92.6402960583207
93.0,63.0,2990.0,17778.77023,8.116564417177914,92.39659011508347
93.0,64.0,2990.0,17887.84244,8.195121951219512,92.43027477596098
93.0,65.0,2990.0,17996.91465,8.272727272727272,92.32347948824119
93.0,66.0,2990.0,18105.98686,8.349397590361447,92.20478951002393
93.0,67.0,2990.0,18215.05907,8.425149700598803,92.44877560480319
93.0,68.0,2990.0,18324.13128,8.5,92.4935777636743
93.0,69.0,2990.0,18433.20349,8.57396449704142,92.1241641997131
93.0,70.0,2990.0,18542.2757,8.647058823529411,92.1402243201502
93.0,71.0,2990.0,18651.34791,8.719298245614034,92.24344399193834
93.0,72.0,2990.0,18760.42012,8.790697674418604,91.95731069087056
93.0,73.0,2990.0,18869.49233,8.861271676300579,91.99331843591972
93.0,74.0,2990.0,18978.56454,8.931034482758621,91.92711972271596
93.0,75.0,2990.0,19087.636749999998,9.0,91.87180362404072
93.0,76.0,2990.0,19196.70896,9.068181818181818,91.63169978764223
93.0,77.0,2990.0,19305.78117,9.135593220338983,91.58853088071307
93.0,78.0,2990.0,19414.85338,9.202247191011237,91.37256048947371
93.0,79.0,2990.0,19523.92559,9.268156424581004,91.56582631723263
93.0,80.0,2990.0,19632.9978,9.333333333333332,91.88573859266153
94.0,30.0,3020.0,14321.655400000001,4.846153846153847,95.30355846373658
94.0,31.0,3020.0,14431.82198,4.969465648854962,95.2192600569034
94.0,32.0,3020.0,14541.988560000002,5.090909090909091,94.73111278218306
94.0,33.0,3020.0,14652.15514,5.2105263157894735,94.68731389084371
94.0,34.0,3020.0,14762.32172,5.328358208955224,94.75342680657607
94.0,35.0,3020.0,14872.4883,5.444444444444444,94.47201482964398
94.0,36.0,3020.0,14982.654879999996,5.5588235294117645,94.68804118916285
94.0,37.0,3020.0,15092.82146,5.671532846715328,94.62679031381602
94.0,38.0,3020.0,15202.98804,5.782608695652174,94.4484487071604
94.0,39.0,3020.0,15313.154620000001,5.892086330935252,94.39283054955588
94.0,40.0,3020.0,15423.321199999998,6.0,94.16144288206391
94.0,41.0,3020.0,15533.48778,6.106382978723404,94.13790842029175
94.0,42.0,3020.0,15643.654359999999,6.211267605633803,93.96987087116317
94.0,43.0,3020.0,15753.820939999998,6.314685314685314,93.9583287170514
94.0,44.0,3020.0,15863.987519999999,6.416666666666667,93.82421924477697
94.0,45.0,3020.0,15974.154099999998,6.517241379310345,93.73574524677623
94.0,46.0,3020.0,16084.32068,6.616438356164383,93.50559541678099
94.0,47.0,3020.0,16194.48726,6.714285714285714,93.70089756011316
94.0,48.0,3020.0,16304.65384,6.810810810810811,93.76666139532615
94.0,49.0,3020.0,16414.82042,6.906040268456376,93.31899818746652
94.0,50.0,3020.0,16524.987,7.0,93.28773085337865
94.0,51.0,3020.0,16635.15358,7.0927152317880795,93.37709191578391
94.0,52.0,3020.0,16745.32016,7.184210526315789,93.24759343978656
94.0,53.0,3020.0,16855.48674,7.2745098039215685,93.16739237155721
94.0,54.0,3020.0,16965.653319999998,7.363636363636363,93.10081301078785
94.0,55.0,3020.0,17075.819900000002,7.451612903225807,92.95692186734009
94.0,56.0,3020.0,17185.98648,7.538461538461538,92.98330834101606
94.0,57.0,3020.0,17296.153059999997,7.62420382165605,93.2162638833076
94.0,58.0,3020.0,17406.31964,7.708860759493671,92.69246935557453
94.0,59.0,3020.0,17516.48622,7.792452830188679,92.8404102530322
94.0,60.0,3020.0,17626.6528,7.875,92.46933122568413
94.0,61.0,3020.0,17736.819379999997,7.956521739130435,92.60425646322557
94.0,62.0,3020.0,17846.985959999998,8.037037037037036,92.46582312127055
94.0,63.0,3020.0,17957.15254,8.116564417177914,92.49856292247793
94.0,64.0,3020.0,18067.319120000004,8.195121951219512,92.5715670944161
94.0,65.0,3020.0,18177.485699999997,8.272727272727272,92.48437393960805
94.0,66.0,3020.0,18287.652280000002,8.349397590361447,92.14520356407739
94.0,67.0,3020.0,18397.81886,8.425149700598803,92.45090199767864
94.0,68.0,3020.0,18507.98544,8.5,92.195441518657
94.0,69.0,3020.0,18618.152019999998,8.57396449704142,92.46666329491534
94.0,70.0,3020.0,18728.3186,8.647058823529411,92.15197102453068
94.0,71.0,3020.0,18838.48518,8.719298245614034,91.98318756199289
94.0,72.0,3020.0,18948.65176,8.790697674418604,91.64411315452199
94.0,73.0,3020.0,19058.81834,8.861271676300579,91.92312356912407
94.0,74.0,3020.0,19168.98492,8.931034482758621,92.01807913079664
94.0,75.0,3020.0,19279.1515,9.0,91.84744276682127
94.0,76.0,3020.0,19389.31808,9.068181818181818,91.85051954294043
94.0,77.0,3020.0,19499.48466,9.135593220338983,91.44795595216637
94.0,78.0,3020.0,19609.65124,9.202247191011237,91.62575522946291
94.0,79.0,3020.0,19719.81782,9.268156424581004,91.67539731868276
94.0,80.0,3020.0,19829.9844,9.333333333333332,91.69986240539261
95.0,30.0,3050.0,14463.9235,4.846153846153847,95.38060760156789
95.0,31.0,3050.0,14575.18445,4.969465648854962,94.99639622946262
95.0,32.0,3050.0,14686.4454,5.090909090909091,94.88100085078726
95.0,33.0,3050.0,14797.70635,5.2105263157894735,94.92718424868674
95.0,34.0,3050.0,14908.9673,5.328358208955224,94.81077139968332
95.0,35.0,3050.0,15020.22825,5.444444444444444,94.68342728818153
95.0,36.0,3050.0,15131.489199999998,5.5588235294117645,94.46096137522947
95.0,37.0,3050.0,15242.75015,5.671532846715328,94.30334284984578
95.0,38.0,3050.0,15354.0111,5.782608695652174,94.26356114357844
95.0,39.0,3050.0,15465.272050000001,5.892086330935252,94.2298746878356
95.0,40.0,3050.0,15576.533,6.0,94.16343977291537
95.0,41.0,3050.0,15687.79395,6.106382978723404,94.16356894087923
95.0,42.0,3050.0,15799.0549,6.211267605633803,93.8589489278963
95.0,43.0,3050.0,15910.315849999999,6.314685314685314,93.81263334343718
95.0,44.0,3050.0,16021.576799999999,6.416666666666667,93.80472772536812
95.0,45.0,3050.0,16132.837749999999,6.517241379310345,93.9115070103945
95.0,46.0,3050.0,16244.0987,6.616438356164383,93.56779708869607
95.0,47.0,3050.0,16355.35965,6.714285714285714,93.46907745331465
95.0,48.0,3050.0,16466.6206,6.810810810810811,93.39969800598735
95.0,49.0,3050.0,16577.88155,6.906040268456376,93.49701608401325
95.0,50.0,3050.0,16689.142499999998,7.0,93.28051002959648
95.0,51.0,3050.0,16800.403449999998,7.0927152317880795,93.32782610776391
95.0,52.0,3050.0,16911.664399999998,7.184210526315789,93.25651311702401
95.0,53.0,3050.0,17022.925349999998,7.2745098039215685,93.44802489396609
95.0,54.0,3050.0,17134.186299999998,7.363636363636363,93.14368942371564
95.0,55.0,3050.0,17245.44725,7.451612903225807,93.21358075908317
95.0,56.0,3050.0,17356.7082,7.538461538461538,93.02131979073583
95.0,57.0,3050.0,17467.969149999997,7.62420382165605,92.71632507506794
95.0,58.0,3050.0,17579.2301,7.708860759493671,92.81728501109127
95.0,59.0,3050.0,17690.491049999997,7.792452830188679,92.69431418323198
95.0,60.0,3050.0,17801.752,7.875,92.5196870883879
95.0,61.0,3050.0,17913.012949999997,7.956521739130435,92.64633344791768
95.0,62.0,3050.0,18024.2739,8.037037037037036,92.39533247867521
95.0,63.0,3050.0,18135.53485,8.116564417177914,92.81085477055088
95.0,64.0,3050.0,18246.795800000004,8.195121951219512,92.36674450704494
95.0,65.0,3050.0,18358.05675,8.272727272727272,92.43261317561145
95.0,66.0,3050.0,18469.317700000003,8.349397590361447,92.41461489768206
95.0,67.0,3050.0,18580.57865,8.425149700598803,92.27492650226912
95.0,68.0,3050.0,18691.8396,8.5,92.19829005075161
95.0,69.0,3050.0,18803.10055,8.57396449704142,92.40992563497718
95.0,70.0,3050.0,18914.3615,8.647058823529411,92.02236319903817
95.0,71.0,3050.0,19025.62245,8.719298245614034,91.91972341168261
95.0,72.0,3050.0,19136.8834,8.790697674418604,91.7994676330596
95.0,73.0,3050.0,19248.14435,8.861271676300579,91.98816838294402
95.0,74.0,3050.0,19359.4053,8.931034482758621,91.74948944775846
95.0,75.0,3050.0,19470.66625,9.0,91.99240478432421
95.0,76.0,3050.0,19581.9272,9.068181818181818,91.49465902430123
95.0,77.0,3050.0,19693.188149999998,9.135593220338983,91.95805097489301
95.0,78.0,3050.0,19804.449099999998,9.202247191011237,91.93221249437849
95.0,79.0,3050.0,19915.710049999998,9.268156424581004,91.64442198873444
95.0,80.0,3050.0,20026.971,9.333333333333332,91.77076644703935
96.0,30.0,3080.0,14606.191600000002,4.846153846153847,94.9225956516379
96.0,31.0,3080.0,14718.54692,4.969465648854962,94.98926554085425
96.0,32.0,3080.0,14830.902240000001,5.090909090909091,95.0080563800956
96.0,33.0,3080.0,14943.25756,5.2105263157894735,94.80913356117499
96.0,34.0,3080.0,15055.61288,5.328358208955224,94.77098552137294
96.0,35.0,3080.0,15167.9682,5.444444444444444,94.79253214818137
96.0,36.0,3080.0,15280.323519999998,5.5588235294117645,94.75888329864587
96.0,37.0,3080.0,15392.67884,5.671532846715328,94.57070477566687
96.0,38.0,3080.0,15505.03416,5.782608695652174,94.45592120456627
96.0,39.0,3080.0,15617.389480000002,5.892086330935252,94.21674987103492
96.0,40.0,3080.0,15729.744799999999,6.0,94.11217963855252
96.0,41.0,3080.0,15842.10012,6.106382978723404,94.03864079979944
96.0,42.0,3080.0,15954.455439999998,6.211267605633803,93.95421474126715
96.0,43.0,3080.0,16066.810759999998,6.314685314685314,94.03186565580775
96.0,44.0,3080.0,16179.166079999999,6.416666666666667,93.79004583685801
96.0,45.0,3080.0,16291.521399999998,6.517241379310345,93.58863984214236
96.0,46.0,3080.0,16403.87672,6.616438356164383,93.81962601939209
96.0,47.0,3080.0,16516.23204,6.714285714285714,93.8531230352157
96.0,48.0,3080.0,16628.58736,6.810810810810811,93.23583347143392
96.0,49.0,3080.0,16740.94268,6.906040268456376,93.68123770478813
96.0,50.0,3080.0,16853.298,7.0,93.83612555463553
96.0,51.0,3080.0,16965.653319999998,7.0927152317880795,93.23360779226961
96.0,52.0,3080.0,17078.00864,7.184210526315789,92.87397908262473
96.0,53.0,3080.0,17190.36396,7.2745098039215685,93.18343661768554
96.0,54.0,3080.0,17302.719279999998,7.363636363636363,93.30529188772184
96.0,55.0,3080.0,17415.0746,7.451612903225807,92.98003954470951
96.0,56.0,3080.0,17527.429920000002,7.538461538461538,93.2814721527213
96.0,57.0,3080.0,17639.785239999997,7.62420382165605,92.55250094772603
96.0,58.0,3080.0,17752.14056,7.708860759493671,92.88583666690973
96.0,59.0,3080.0,17864.49588,7.792452830188679,93.04183267617137
96.0,60.0,3080.0,17976.8512,7.875,92.79336570639016
96.0,61.0,3080.0,18089.206519999996,7.956521739130435,92.71877638560458
96.0,62.0,3080.0,18201.56184,8.037037037037036,92.75816902139218
96.0,63.0,3080.0,18313.91716,8.116564417177914,92.51748616131601
96.0,64.0,3080.0,18426.272480000003,8.195121951219512,92.54002866204092
96.0,65.0,3080.0,18538.6278,8.272727272727272,92.35407056567051
96.0,66.0,3080.0,18650.98312,8.349397590361447,92.21034153769297
96.0,67.0,3080.0,18763.33844,8.425149700598803,92.25616408197949
96.0,68.0,3080.0,18875.693760000002,8.5,92.02404542798227
96.0,69.0,3080.0,18988.049079999997,8.57396449704142,92.32383471090705
96.0,70.0,3080.0,19100.4044,8.647058823529411,92.18103089606161
96.0,71.0,3080.0,19212.759720000002,8.719298245614034,92.22134634305436
96.0,72.0,3080.0,19325.11504,8.790697674418604,91.73948038637829
96.0,73.0,3080.0,19437.47036,8.861271676300579,91.76492970033402
96.0,74.0,3080.0,19549.825679999998,8.931034482758621,91.66815510281923
96.0,75.0,3080.0,19662.181,9.0,92.07110912271642
96.0,76.0,3080.0,19774.53632,9.068181818181818,91.86449975769105
96.0,77.0,3080.0,19886.891639999998,9.135593220338983,91.67505316205404
96.0,78.0,3080.0,19999.24696,9.202247191011237,91.56560308169998
96.0,79.0,3080.0,20111.60228,9.268156424581004,91.45901744360174
96.0,80.0,3080.0,20223.9576,9.333333333333332,91.47826519777367
97.0,30.0,3110.0,14748.459700000001,4.846153846153847,95.15483276559574
97.0,31.0,3110.0,14861.90939,4.969465648854962,95.18671164043538
97.0,32.0,3110.0,14975.35908,5.090909090909091,94.77230869724035
97.0,33.0,3110.0,15088.808770000001,5.2105263157894735,94.80622706955972
97.0,34.0,3110.0,15202.258460000001,5.328358208955224,94.71262027358034
97.0,35.0,3110.0,15315.70815,5.444444444444444,94.63857866821088
97.0,36.0,3110.0,15429.157839999998,5.5588235294117645,94.541645477939
97.0,37.0,3110.0,15542.60753,5.671532846715328,94.55383233235153
97.0,38.0,3110.0,15656.057219999999,5.782608695652174,94.26836032475235
97.0,39.0,3110.0,15769.506910000002,5.892086330935252,94.10778684723851
97.0,40.0,3110.0,15882.9566,6.0,94.33172952747442
97.0,41.0,3110.0,15996.406289999999,6.106382978723404,94.1750711900062
97.0,42.0,3110.0,16109.855979999998,6.211267605633803,94.0704607963365
97.0,43.0,3110.0,16223.305669999998,6.314685314685314,93.98503015275504
97.0,44.0,3110.0,16336.755359999997,6.416666666666667,93.87414376295769
97.0,45.0,3110.0,16450.205049999997,6.517241379310345,93.785047169761
97.0,46.0,3110.0,16563.65474,6.616438356164383,93.57971279580578
97.0,47.0,3110.0,16677.10443,6.714285714285714,93.51817297422348
97.0,48.0,3110.0,16790.55412,6.810810810810811,93.83260165662792
97.0,49.0,3110.0,16904.00381,6.906040268456376,93.38730355969973
97.0,50.0,3110.0,17017.4535,7.0,93.3601503347304
97.0,51.0,3110.0,17130.90319,7.0927152317880795,93.18769893403397
97.0,52.0,3110.0,17244.35288,7.184210526315789,93.54943845373732
97.0,53.0,3110.0,17357.80257,7.2745098039215685,93.09550207194145
97.0,54.0,3110.0,17471.252259999997,7.363636363636363,93.14679203772857
97.0,55.0,3110.0,17584.701950000002,7.451612903225807,92.80990914125816
97.0,56.0,3110.0,17698.15164,7.538461538461538,92.95443621693863
97.0,57.0,3110.0,17811.601329999998,7.62420382165605,92.81635044889349
97.0,58.0,3110.0,17925.05102,7.708860759493671,92.96257524871267
97.0,59.0,3110.0,18038.500709999997,7.792452830188679,92.77378754281513
97.0,60.0,3110.0,18151.9504,7.875,92.52415322525223
97.0,61.0,3110.0,18265.400089999996,7.956521739130435,92.76151916118367
97.0,62.0,3110.0,18378.84978,8.037037037037036,92.77046913765987
97.0,63.0,3110.0,18492.299469999998,8.116564417177914,92.50396494595607
97.0,64.0,3110.0,18605.749160000003,8.195121951219512,92.26119639697352
97.0,65.0,3110.0,18719.19885,8.272727272727272,92.3076581317961
97.0,66.0,3110.0,18832.648540000002,8.349397590361447,92.49235443360932
97.0,67.0,3110.0,18946.09823,8.425149700598803,92.20754570047771
97.0,68.0,3110.0,19059.54792,8.5,92.24421074555083
97.0,69.0,3110.0,19172.99761,8.57396449704142,92.37035075212697
97.0,70.0,3110.0,19286.447299999996,8.647058823529411,92.15290700358858
97.0,71.0,3110.0,19399.89699,8.719298245614034,91.8973366259912
97.0,72.0,3110.0,19513.34668,8.790697674418604,91.77456140200243
97.0,73.0,3110.0,19626.79637,8.861271676300579,92.14892419699831
97.0,74.0,3110.0,19740.24606,8.931034482758621,91.87219940324535
97.0,75.0,3110.0,19853.69575,9.0,91.79158943757858
97.0,76.0,3110.0,19967.14544,9.068181818181818,91.72995021925955
97.0,77.0,3110.0,20080.595129999998,9.135593220338983,91.66688977215314
97.0,78.0,3110.0,20194.04482,9.202247191011237,91.56470358789973
97.0,79.0,3110.0,20307.49451,9.268156424581004,91.67890041858035
97.0,80.0,3110.0,20420.9442,9.333333333333332,91.37949958462328
98.0,30.0,3140.0,14890.7278,4.846153846153847,94.98262761706509
98.0,31.0,3140.0,15005.27186,4.969465648854962,95.06655136999889
98.0,32.0,3140.0,15119.815920000001,5.090909090909091,94.91938867436147
98.0,33.0,3140.0,15234.359980000001,5.2105263157894735,94.83000886874304
98.0,34.0,3140.0,15348.904040000001,5.328358208955224,94.92151687560313
98.0,35.0,3140.0,15463.4481,5.444444444444444,94.44989028627656
98.0,36.0,3140.0,15577.992159999998,5.5588235294117645,94.62286054128313
98.0,37.0,3140.0,15692.53622,5.671532846715328,94.44972221204735
98.0,38.0,3140.0,15807.08028,5.782608695652174,94.08107235207241
98.0,39.0,3140.0,15921.624340000002,5.892086330935252,94.40507029357242
98.0,40.0,3140.0,16036.168399999999,6.0,94.30310412002714
98.0,41.0,3140.0,16150.712459999999,6.106382978723404,94.02658444399214
98.0,42.0,3140.0,16265.256519999999,6.211267605633803,93.83972105951463
98.0,43.0,3140.0,16379.80058,6.314685314685314,94.16765927424686
98.0,44.0,3140.0,16494.34464,6.416666666666667,93.752158523921
98.0,45.0,3140.0,16608.8887,6.517241379310345,93.82995693998862
98.0,46.0,3140.0,16723.43276,6.616438356164383,93.68937887749033
98.0,47.0,3140.0,16837.97682,6.714285714285714,93.48684103851605
98.0,48.0,3140.0,16952.52088,6.810810810810811,93.51654581647253
98.0,49.0,3140.0,17067.06494,6.906040268456376,93.63383571715198
98.0,50.0,3140.0,17181.609,7.0,93.4567820704198
98.0,51.0,3140.0,17296.15306,7.0927152317880795,93.65986044319747
98.0,52.0,3140.0,17410.69712,7.184210526315789,93.10758031660605
98.0,53.0,3140.0,17525.241179999997,7.2745098039215685,93.37168671939277
98.0,54.0,3140.0,17639.785239999997,7.363636363636363,93.16548109690841
98.0,55.0,3140.0,17754.3293,7.451612903225807,92.83028003086824
98.0,56.0,3140.0,17868.87336,7.538461538461538,92.97022446793142
98.0,57.0,3140.0,17983.417419999998,7.62420382165605,92.868592298667
98.0,58.0,3140.0,18097.96148,7.708860759493671,92.95333125595685
98.0,59.0,3140.0,18212.50554,7.792452830188679,92.67617772286103
98.0,60.0,3140.0,18327.0496,7.875,92.55083927957499
98.0,61.0,3140.0,18441.59366,7.956521739130435,92.68395476343586
98.0,62.0,3140.0,18556.13772,8.037037037037036,92.53011986185633
98.0,63.0,3140.0,18670.68178,8.116564417177914,92.47410089174743
98.0,64.0,3140.0,18785.225840000003,8.195121951219512,92.48630920490262
98.0,65.0,3140.0,18899.7699,8.272727272727272,92.38045578900454
98.0,66.0,3140.0,19014.313960000003,8.349397590361447,92.41498310916505
98.0,67.0,3140.0,19128.85802,8.425149700598803,92.15760184419332
98.0,68.0,3140.0,19243.40208,8.5,92.15197716317634
98.0,69.0,3140.0,19357.946139999996,8.57396449704142,92.01581975707691
98.0,70.0,3140.0,19472.490199999997,8.647058823529411,91.83749132111305
98.0,71.0,3140.0,19587.03426,8.719298245614034,91.77411127112995
98.0,72.0,3140.0,19701.57832,8.790697674418604,91.91674405424031
98.0,73.0,3140.0,19816.12238,8.861271676300579,92.06016881207525
98.0,74.0,3140.0,19930.66644,8.931034482758621,92.22320657999954
98.0,75.0,3140.0,20045.2105,9.0,91.97019808162973
98.0,76.0,3140.0,20159.754559999998,9.068181818181818,91.74896580165941
98.0,77.0,3140.0,20274.298619999998,9.135593220338983,91.54526407047524
98.0,78.0,3140.0,20388.842679999998,9.202247191011237,91.6068009484074
98.0,79.0,3140.0,20503.386739999998,9.268156424581004,91.56601636908586
98.0,80.0,3140.0,20617.930800000002,9.333333333333332,91.49755459100847
99.0,30.0,3170.0,15032.995900000002,4.846153846153847,95.20597746940277
99.0,31.0,3170.0,15148.63433,4.969465648854962,95.06452469566835
99.0,32.0,3170.0,15264.272760000002,5.090909090909091,94.69735355992542
99.0,33.0,3170.0,15379.91119,5.2105263157894735,94.71672833169679
99.0,34.0,3170.0,15495.54962,5.328358208955224,94.45467171256153
99.0,35.0,3170.0,15611.18805,5.444444444444444,94.6818096570016
99.0,36.0,3170.0,15726.826479999998,5.5588235294117645,94.56525867650224
99.0,37.0,3170.0,15842.46491,5.671532846715328,94.50026743623557
99.0,38.0,3170.0,15958.10334,5.782608695652174,94.46642876777828
99.0,39.0,3170.0,16073.741770000002,5.892086330935252,94.24357250647986
99.0,40.0,3170.0,16189.3802,6.0,94.19201459232909
99.0,41.0,3170.0,16305.018629999999,6.106382978723404,94.11541773404574
99.0,42.0,3170.0,16420.657059999998,6.211267605633803,93.95420990934268
99.0,43.0,3170.0,16536.295489999997,6.314685314685314,93.88932739341477
99.0,44.0,3170.0,16651.93392,6.416666666666667,93.83941817291628
99.0,45.0,3170.0,16767.57235,6.517241379310345,93.55401733655604
99.0,46.0,3170.0,16883.21078,6.616438356164383,93.69952023538212
99.0,47.0,3170.0,16998.84921,6.714285714285714,93.70375333815683
99.0,48.0,3170.0,17114.48764,6.810810810810811,93.6588409621512
99.0,49.0,3170.0,17230.12607,6.906040268456376,93.29567807127738
99.0,50.0,3170.0,17345.7645,7.0,93.53781649746294
99.0,51.0,3170.0,17461.40293,7.0927152317880795,93.02584351060021
99.0,52.0,3170.0,17577.04136,7.184210526315789,93.36999178067909
99.0,53.0,3170.0,17692.67979,7.2745098039215685,93.22433619354975
99.0,54.0,3170.0,17808.318219999997,7.363636363636363,92.99772733700901
99.0,55.0,3170.0,17923.95665,7.451612903225807,93.10181576773275
99.0,56.0,3170.0,18039.595080000003,7.538461538461538,92.79702637628533
99.0,57.0,3170.0,18155.23351,7.62420382165605,92.79784164859805
99.0,58.0,3170.0,18270.87194,7.708860759493671,92.73658995839158
99.0,59.0,3170.0,18386.510369999996,7.792452830188679,92.65068867872961
99.0,60.0,3170.0,18502.1488,7.875,92.67904025759562
99.0,61.0,3170.0,18617.787229999998,7.956521739130435,92.52184513909562
99.0,62.0,3170.0,18733.42566,8.037037037037036,92.70287468385898
99.0,63.0,3170.0,18849.06409,8.116564417177914,92.37042306585724
99.0,64.0,3170.0,18964.702520000003,8.195121951219512,92.4568792853124
99.0,65.0,3170.0,19080.340949999998,8.272727272727272,92.60391487298325
99.0,66.0,3170.0,19195.97938,8.349397590361447,92.7090851529382
99.0,67.0,3170.0,19311.61781,8.425149700598803,92.18484416909162
99.0,68.0,3170.0,19427.256240000002,8.5,91.85212384282923
99.0,69.0,3170.0,19542.894669999998,8.57396449704142,92.29710869580552
99.0,70.0,3170.0,19658.533099999997,8.647058823529411,91.9454145708536
99.0,71.0,3170.0,19774.17153,8.719298245614034,92.06095999850399
99.0,72.0,3170.0,19889.80996,8.790697674418604,91.81985625642103
99.0,73.0,3170.0,20005.44839,8.861271676300579,91.88889865438163
99.0,74.0,3170.0,20121.08682,8.931034482758621,91.59360438881517
99.0,75.0,3170.0,20236.72525,9.0,91.97014193311615
99.0,76.0,3170.0,20352.36368,9.068181818181818,91.74117374347927
99.0,77.0,3170.0,20468.002109999998,9.135593220338983,91.71250888767537
99.0,78.0,3170.0,20583.64054,9.202247191011237,91.41017573387862
99.0,79.0,3170.0,20699.27897,9.268156424581004,91.62324403643322
99.0,80.0,3170.0,20814.917400000002,9.333333333333332,91.52387740191821
100.0,30.0,3200.0,15175.264000000001,4.846153846153847,94.82772902573232
100.0,31.0,3200.0,15291.9968,4.969465648854962,95.22257650834001
100.0,32.0,3200.0,15408.7296,5.090909090909091,94.92327668046883
100.0,33.0,3200.0,15525.4624,5.2105263157894735,94.92508781794633
100.0,34.0,3200.0,15642.1952,5.328358208955224,94.6603399603433
100.0,35.0,3200.0,15758.928,5.444444444444444,94.4510889407136
100.0,36.0,3200.0,15875.660799999998,5.5588235294117645,94.71394373939115
100.0,37.0,3200.0,15992.3936,5.671532846715328,94.45347758686124
100.0,38.0,3200.0,16109.1264,5.782608695652174,94.3010768757715
100.0,39.0,3200.0,16225.859200000003,5.892086330935252,94.48516109544333
100.0,40.0,3200.0,16342.591999999999,6.0,94.18317562508724
100.0,41.0,3200.0,16459.3248,6.106382978723404,93.8457881595275
100.0,42.0,3200.0,16576.0576,6.211267605633803,94.01560711675883
100.0,43.0,3200.0,16692.790399999998,6.314685314685314,94.17881601156421
100.0,44.0,3200.0,16809.5232,6.416666666666667,93.98184470401979
100.0,45.0,3200.0,16926.255999999998,6.517241379310345,93.86316567594002
100.0,46.0,3200.0,17042.9888,6.616438356164383,93.81193611312703
100.0,47.0,3200.0,17159.7216,6.714285714285714,93.54918294645165
100.0,48.0,3200.0,17276.4544,6.810810810810811,93.45219882525954
100.0,49.0,3200.0,17393.1872,6.906040268456376,93.77458277267782
100.0,50.0,3200.0,17509.92,7.0,93.4276304748541
100.0,51.0,3200.0,17626.6528,7.0927152317880795,93.29332860737695
100.0,52.0,3200.0,17743.385599999998,7.184210526315789,93.34899573790479
100.0,53.0,3200.0,17860.1184,7.2745098039215685,93.38109208830741
100.0,54.0,3200.0,17976.851199999997,7.363636363636363,92.8216962376308
100.0,55.0,3200.0,18093.584000000003,7.451612903225807,92.98527874645977
100.0,56.0,3200.0,18210.3168,7.538461538461538,92.99569419386118
100.0,57.0,3200.0,18327.0496,7.62420382165605,92.7513866276262
100.0,58.0,3200.0,18443.7824,7.708860759493671,92.73568362118678
100.0,59.0,3200.0,18560.515199999998,7.792452830188679,92.78391873201781
100.0,60.0,3200.0,18677.248,7.875,92.63613259407323
100.0,61.0,3200.0,18793.980799999998,7.956521739130435,92.58976093635523
100.0,62.0,3200.0,18910.7136,8.037037037037036,92.67133157268628
100.0,63.0,3200.0,19027.4464,8.116564417177914,92.53757906039252
100.0,64.0,3200.0,19144.179200000002,8.195121951219512,92.306215314021
100.0,65.0,3200.0,19260.912,8.272727272727272,92.43699882646158
100.0,66.0,3200.0,19377.644800000002,8.349397590361447,92.2382339949049
100.0,67.0,3200.0,19494.3776,8.425149700598803,92.39543773851679
100.0,68.0,3200.0,19611.1104,8.5,92.39010330376415
100.0,69.0,3200.0,19727.8432,8.57396449704142,92.18349191431956
100.0,70.0,3200.0,19844.575999999997,8.647058823529411,92.08170098099254
100.0,71.0,3200.0,19961.3088,8.719298245614034,91.95773367617116
100.0,72.0,3200.0,20078.0416,8.790697674418604,91.99807504282717
100.0,73.0,3200.0,20194.7744,8.861271676300579,91.92894655096163
100.0,74.0,3200.0,20311.5072,8.931034482758621,91.87729656710732
100.0,75.0,3200.0,20428.239999999998,9.0,91.76660564066499
100.0,76.0,3200.0,20544.9728,9.068181818181818,91.8911412185934
100.0,77.0,3200.0,20661.705599999998,9.135593220338983,91.59115843844722
100.0,78.0,3200.0,20778.4384,9.202247191011237,91.55045203672378
100.0,79.0,3200.0,20895.171199999997,9.268156424581004,91.4361091181364
100.0,80.0,3200.0,21011.904000000002,9.333333333333332,91.54287940775372
